Date,Impressions (organic),Impressions (sponsored),Impressions (total),Unique impressions (organic),Clicks (organic),Clicks (sponsored),Clicks (total),Reactions (organic),Reactions (sponsored),Reactions (total),Comments (organic),Comments (sponsored),Comments (total),Reposts (organic),Reposts (sponsored),Reposts (total),Engagement rate (organic),Engagement rate (sponsored),Engagement rate (total)
08/24/2025,1047,618,1665,695,38,0,38,10,0,10,0,0,0,0,0,0,0.045845272206303724,0.0,0.02882882882882883
08/25/2025,1209,1124,2333,804,47,1,48,18,0,18,1,0,1,0,0,0,0.05459057071960298,0.0008896797153024911,0.0287183883411916
08/26/2025,984,1539,2523,523,34,1,35,17,0,17,1,0,1,0,0,0,0.052845528455284556,0.000649772579597141,0.02100673801030519
08/27/2025,1366,0,1366,767,55,0,55,25,0,25,1,0,1,1,0,1,0.060029282576866766,0.0,0.060029282576866766
08/28/2025,823,0,823,399,28,0,28,5,0,5,0,0,0,0,0,0,0.040097205346294046,0.0,0.040097205346294046
08/29/2025,525,0,525,288,16,0,16,15,0,15,0,0,0,1,0,1,0.06095238095238095,0.0,0.06095238095238095
08/30/2025,335,0,335,201,11,0,11,7,0,7,0,0,0,0,0,0,0.05373134328358209,0.0,0.05373134328358209
08/31/2025,307,0,307,190,8,0,8,7,0,7,0,0,0,0,0,0,0.048859934853420196,0.0,0.048859934853420196
09/01/2025,917,0,917,543,57,0,57,22,0,22,0,0,0,0,0,0,0.0861504907306434,0.0,0.0861504907306434
09/02/2025,1543,0,1543,929,64,0,64,26,0,26,0,0,0,1,0,1,0.05897602073882048,0.0,0.05897602073882048
09/03/2025,3777,0,3777,2375,135,0,135,51,0,51,0,0,0,0,0,0,0.04924543288324067,0.0,0.04924543288324067
09/04/2025,3958,0,3958,2468,110,0,110,97,0,97,0,0,0,2,0,2,0.0528044466902476,0.0,0.0528044466902476
09/05/2025,1569,0,1569,954,48,0,48,30,0,30,0,0,0,0,0,0,0.0497131931166348,0.0,0.0497131931166348
09/06/2025,1146,0,1146,806,35,0,35,11,0,11,0,0,0,0,0,0,0.04013961605584642,0.0,0.04013961605584642
09/07/2025,771,0,771,568,23,0,23,9,0,9,0,0,0,0,0,0,0.041504539559014265,0.0,0.041504539559014265
09/08/2025,1228,0,1228,654,74,0,74,34,0,34,1,0,1,0,0,0,0.08876221498371335,0.0,0.08876221498371335
09/09/2025,1331,0,1331,670,32,0,32,28,0,28,1,0,1,2,0,2,0.0473328324567994,0.0,0.0473328324567994
09/10/2025,1500,0,1500,522,71,0,71,38,0,38,0,0,0,2,0,2,0.074,0.0,0.074
09/11/2025,1239,0,1239,424,66,0,66,46,0,46,2,0,2,0,0,0,0.09200968523002422,0.0,0.09200968523002422
09/12/2025,727,0,727,265,26,0,26,24,0,24,1,0,1,1,0,1,0.07152682255845942,0.0,0.07152682255845942
09/13/2025,341,0,341,171,12,0,12,7,0,7,0,0,0,0,0,0,0.05571847507331378,0.0,0.05571847507331378
09/14/2025,815,0,815,145,4,0,4,1,0,1,0,0,0,0,0,0,0.006134969325153374,0.0,0.006134969325153374
09/15/2025,592,0,592,249,12,0,12,27,0,27,0,0,0,0,0,0,0.06587837837837837,0.0,0.06587837837837837
09/16/2025,1617,0,1617,861,25,0,25,17,0,17,1,0,1,2,0,2,0.027829313543599257,0.0,0.027829313543599257
09/17/2025,792,0,792,379,32,0,32,17,0,17,0,0,0,0,0,0,0.06186868686868687,0.0,0.06186868686868687
09/18/2025,755,0,755,286,39,0,39,10,0,10,0,0,0,0,0,0,0.06490066225165562,0.0,0.06490066225165562
09/19/2025,379,0,379,196,3,0,3,6,0,6,0,0,0,0,0,0,0.023746701846965697,0.0,0.023746701846965697
09/20/2025,244,0,244,156,8,0,8,4,0,4,0,0,0,0,0,0,0.04918032786885246,0.0,0.04918032786885246
09/21/2025,349,0,349,217,21,0,21,11,0,11,0,0,0,0,0,0,0.09169054441260745,0.0,0.09169054441260745
09/22/2025,863,0,863,172,19,0,19,13,0,13,0,0,0,0,0,0,0.03707995365005794,0.0,0.03707995365005794
09/23/2025,1535,0,1535,525,183,0,183,39,0,39,2,0,2,0,0,0,0.14592833876221498,0.0,0.14592833876221498
09/24/2025,908,0,908,355,28,0,28,19,0,19,1,0,1,0,0,0,0.05286343612334802,0.0,0.05286343612334802
09/25/2025,1399,0,1399,800,62,0,62,32,0,32,0,0,0,0,0,0,0.06719085060757685,0.0,0.06719085060757685
09/26/2025,1324,0,1324,826,19,0,19,31,0,31,0,0,0,0,0,0,0.0377643504531722,0.0,0.0377643504531722
09/27/2025,614,0,614,388,26,0,26,9,0,9,0,0,0,1,0,1,0.05863192182410423,0.0,0.05863192182410423
09/28/2025,379,0,379,269,14,0,14,5,0,5,0,0,0,0,0,0,0.05013192612137203,0.0,0.05013192612137203
09/29/2025,922,0,922,496,47,0,47,18,0,18,0,0,0,0,0,0,0.07049891540130152,0.0,0.07049891540130152
09/30/2025,1626,0,1626,722,54,0,54,23,0,23,1,0,1,5,0,5,0.051045510455104554,0.0,0.051045510455104554
10/01/2025,1910,0,1910,607,131,0,131,47,0,47,3,0,3,2,0,2,0.09581151832460733,0.0,0.09581151832460733
10/02/2025,2114,0,2114,720,181,0,181,48,0,48,5,0,5,2,0,2,0.11163670766319773,0.0,0.11163670766319773
10/03/2025,2354,544,2898,913,150,12,162,62,0,62,11,0,11,1,0,1,0.0951571792693288,0.022058823529411766,0.08143547273982056
10/04/2025,1694,2818,4512,999,80,9,89,24,0,24,1,0,1,0,0,0,0.06198347107438017,0.00319375443577005,0.02526595744680851
10/05/2025,3344,2139,5483,2374,93,10,103,44,0,44,1,0,1,0,0,0,0.04126794258373206,0.004675081813931743,0.026992522341783697
10/06/2025,2764,2514,5278,1817,117,16,133,42,0,42,0,0,0,1,0,1,0.05788712011577424,0.006364359586316627,0.03334596438044714
10/07/2025,2327,3991,6318,1236,134,21,155,61,0,61,2,0,2,2,0,2,0.08551783412118608,0.005261839138060637,0.03482114593225704
10/08/2025,2098,2266,4364,1134,140,14,154,51,0,51,4,0,4,2,0,2,0.09389895138226882,0.00617828773168579,0.048350137488542624
10/09/2025,3390,1659,5049,1866,190,24,214,95,0,95,6,0,6,4,0,4,0.08702064896755163,0.014466546112115732,0.06318082788671024
10/10/2025,2088,9236,11324,1041,113,10,123,40,0,40,2,0,2,1,0,1,0.07471264367816093,0.0010827197921178,0.014659131049099258
10/11/2025,872,8513,9385,511,36,11,47,14,0,14,0,0,0,0,0,0,0.05733944954128441,0.001292141430752966,0.0064997336174746935
10/12/2025,736,8911,9647,441,38,6,44,15,0,15,0,0,0,0,0,0,0.07201086956521739,0.0006733251038042868,0.006115890950554577
10/13/2025,3173,11074,14247,1569,183,9,192,132,0,132,6,0,6,0,0,0,0.10116608887488182,0.0008127144663175004,0.023162771109707308
10/14/2025,4720,9754,14474,2435,323,4,327,125,0,125,8,0,8,2,0,2,0.09703389830508474,0.0004100881689563256,0.03191930357883101
10/15/2025,5272,4562,9834,2824,220,5,225,126,0,126,12,0,12,2,0,2,0.06828528072837632,0.0010960105217010083,0.03711612772015456
10/16/2025,3760,12528,16288,1982,193,13,206,82,0,82,11,0,11,5,0,5,0.07739361702127659,0.001037675606641124,0.018664047151277015
10/17/2025,3205,8478,11683,1650,79,5,84,59,0,59,4,0,4,0,0,0,0.04430577223088924,0.0005897617362585516,0.012582384661473937
10/18/2025,1667,6596,8263,1034,45,11,56,25,0,25,0,0,0,2,0,2,0.04319136172765447,0.0016676773802304426,0.010044777925692848
10/19/2025,1336,5237,6573,872,27,8,35,24,0,24,1,0,1,0,0,0,0.038922155688622756,0.0015275921329005156,0.009128251939753538
10/20/2025,4505,7326,11831,3006,66,16,82,55,0,55,6,0,6,2,0,2,0.028634850166481686,0.002184002184002184,0.01225593779055025
10/21/2025,6284,15224,21508,3944,102,15,117,104,0,104,10,0,10,1,0,1,0.03453214513049013,0.0009852863899106673,0.010786684024549005
10/22/2025,6624,15076,21700,3913,198,12,210,201,0,201,8,0,8,4,0,4,0.06204710144927536,0.0007959671000265323,0.019493087557603688
10/23/2025,7659,22569,30228,4200,273,25,298,203,0,203,10,0,10,1,0,1,0.06358532445488967,0.0011077141211396162,0.016937938335318245
10/24/2025,5592,9904,15496,3474,166,15,181,114,0,114,20,0,20,3,0,3,0.054184549356223174,0.0015145395799676898,0.02052142488384099
10/25/2025,2711,4426,7137,1692,71,7,78,47,0,47,2,0,2,0,0,0,0.044264109184802655,0.0015815634884771804,0.017794591565083367
10/26/2025,2008,3994,6002,1365,34,14,48,21,0,21,2,0,2,0,0,0,0.02838645418326693,0.0035052578868302454,0.011829390203265578
10/27/2025,3237,7385,10622,1996,82,14,96,70,0,70,1,0,1,0,0,0,0.047265987025023166,0.0018957345971563982,0.015722086236113725
10/28/2025,5751,7581,13332,3004,133,16,149,130,0,130,6,0,6,2,0,2,0.04712223961050252,0.00211053950666139,0.021527152715271527
10/29/2025,8035,10797,18832,4712,251,10,261,190,0,190,16,0,16,5,0,5,0.05749844430616055,0.0009261831990367695,0.02506372132540357
10/30/2025,6671,10308,16979,3788,144,8,152,132,0,132,12,0,12,2,0,2,0.043471743366811574,0.0007760962359332557,0.017551092526061605
10/31/2025,6085,8516,14601,3678,165,22,187,113,0,113,8,0,8,2,0,2,0.04732949876746097,0.0025833724753405356,0.021231422505307854
11/01/2025,2187,6093,8280,1485,58,11,69,29,0,29,3,0,3,0,0,0,0.0411522633744856,0.0018053504021007714,0.012198067632850241
11/02/2025,2270,6258,8528,1298,34,8,42,29,0,29,2,0,2,0,0,0,0.028634361233480177,0.001278363694471077,0.008560037523452158
11/03/2025,3787,8700,12487,2049,78,11,89,88,0,88,12,0,12,0,0,0,0.04700290467388434,0.001264367816091954,0.015135741170817651
11/04/2025,4411,5249,9660,2584,117,7,124,102,0,102,6,0,6,3,0,3,0.05168895941963274,0.0013335873499714232,0.024327122153209108
11/05/2025,2964,5307,8271,1342,65,18,83,91,0,91,5,0,5,2,0,2,0.05499325236167341,0.0033917467495760316,0.021883690001209044
11/06/2025,2490,5127,7617,1096,66,16,82,67,0,67,5,0,5,4,0,4,0.0570281124497992,0.0031207333723425007,0.02074307470132598
11/07/2025,3849,5080,8929,2056,174,16,190,114,0,114,2,0,2,1,0,1,0.07560405300077942,0.0031496062992125984,0.03438234964721693
11/08/2025,1538,5868,7406,1008,39,13,52,48,0,48,1,0,1,0,0,0,0.05721716514954486,0.0022154055896387186,0.013637591142317041
11/09/2025,1413,5538,6951,937,22,11,33,38,0,38,2,0,2,0,0,0,0.043878273177636234,0.0019862766341639583,0.010502086030786938
11/10/2025,2211,6844,9055,1216,57,18,75,46,0,46,6,0,6,0,0,0,0.04929895974672094,0.002630040911747516,0.01402540033130867
11/11/2025,2501,24533,27034,1159,55,14,69,62,0,62,7,0,7,2,0,2,0.05037984806077569,0.0005706599274446664,0.005178663904712584
11/12/2025,4181,6618,10799,2358,70,13,83,148,0,148,3,0,3,3,0,3,0.05357569959339871,0.001964339679661529,0.021946476525604223
11/13/2025,2770,9861,12631,1744,56,15,71,88,0,88,3,0,3,1,0,1,0.053429602888086646,0.0015211439002129601,0.012904758134747842
11/14/2025,1889,9474,11363,1058,39,15,54,46,0,46,1,0,1,3,0,3,0.047114875595553204,0.0015832805573147563,0.00915251254070228
11/15/2025,1092,5187,6279,744,16,6,22,20,0,20,0,0,0,0,0,0,0.03296703296703297,0.001156737998843262,0.006688963210702341
11/16/2025,657,6778,7435,461,20,5,25,8,0,8,0,0,0,0,0,0,0.0426179604261796,0.0007376807317792859,0.004438466711499664
11/17/2025,1396,8938,10334,863,44,6,50,28,0,28,2,0,2,1,0,1,0.053724928366762174,0.0006712911165808906,0.007838203986839558
11/18/2025,1951,11161,13112,831,76,13,89,46,0,46,0,0,0,6,0,6,0.06560738083034341,0.0016127587133769375,0.011134838316046369
11/19/2025,1586,8373,9959,859,71,10,81,35,0,35,1,0,1,4,0,4,0.06998738965952081,0.0019109040965006568,0.012752284365900191
11/20/2025,2020,13226,15246,944,111,21,132,55,0,55,1,0,1,0,0,0,0.08267326732673268,0.0018902162407379403,0.012593467138921684
11/21/2025,2056,10982,13038,1152,120,1,121,64,0,64,2,0,2,0,0,0,0.09046692607003891,0.0006374066654525587,0.014802883877895382
11/22/2025,938,6044,6982,611,41,0,41,34,0,34,0,0,0,1,0,1,0.08102345415778252,0.0006618133686300463,0.011458034947006588
11/23/2025,615,2155,2770,395,29,0,29,11,0,11,1,0,1,0,0,0,0.06666666666666667,0.0027842227378190253,0.01696750902527076
11/24/2025,990,7458,8448,525,47,1,48,30,0,30,1,0,1,0,0,0,0.07878787878787878,0.0013408420488066506,0.010416666666666666
11/25/2025,1612,5288,6900,772,49,1,50,31,0,31,0,0,0,0,0,0,0.04962779156327544,0.0011346444780635401,0.012463768115942029
11/26/2025,1831,3838,5669,1006,81,9,90,45,0,45,4,0,4,0,0,0,0.070999453850355,0.003126628452318916,0.025048509437290527
11/27/2025,640,3005,3645,336,41,15,56,18,0,18,0,0,0,0,0,0,0.0921875,0.004991680532445923,0.02030178326474623
11/28/2025,530,2320,2850,278,22,13,35,23,0,23,0,0,0,2,0,2,0.08867924528301886,0.005603448275862069,0.021052631578947368
11/29/2025,725,1575,2300,459,31,8,39,18,0,18,0,0,0,0,0,0,0.06758620689655172,0.005079365079365079,0.024782608695652172
11/30/2025,495,1958,2453,362,16,5,21,9,0,9,0,0,0,0,0,0,0.050505050505050504,0.002553626149131767,0.01222992254382389
12/01/2025,991,3831,4822,609,36,16,52,17,1,18,0,0,0,0,1,1,0.05348133198789102,0.004437483685721744,0.014516798009124844
12/02/2025,3926,4304,8230,2299,165,14,179,119,0,119,14,0,14,3,0,3,0.07666836474783495,0.0032527881040892194,0.03827460510328068
12/03/2025,1917,3058,4975,932,86,16,102,69,0,69,1,0,1,0,0,0,0.081377151799687,0.005232177894048398,0.03457286432160804
12/04/2025,1789,2774,4563,745,83,13,96,46,0,46,3,0,3,2,0,2,0.07490217998882057,0.004686373467916366,0.032215647600262985
12/05/2025,1801,2702,4503,1025,78,17,95,71,0,71,2,0,2,2,0,2,0.084952803997779,0.006291635825314582,0.03775260937153009
12/06/2025,2012,5254,7266,1324,103,14,117,54,0,54,1,0,1,1,0,1,0.07902584493041749,0.0026646364674533687,0.023809523809523808
12/07/2025,1080,5085,6165,757,51,12,63,14,0,14,0,0,0,0,0,0,0.06018518518518518,0.002359882005899705,0.012489862124898622
12/08/2025,1525,4692,6217,986,39,12,51,25,0,25,0,0,0,0,0,0,0.0419672131147541,0.0025575447570332483,0.012224545600772076
12/09/2025,1903,6911,8814,675,180,15,195,37,0,37,2,0,2,2,0,2,0.116132422490804,0.0021704529011720448,0.026775584297708193
12/10/2025,2079,6387,8466,907,91,8,99,47,0,47,5,0,5,0,0,0,0.06878306878306878,0.0012525442304681385,0.017836050082683675
12/11/2025,1040,5558,6598,623,25,13,38,15,0,15,0,0,0,0,0,0,0.038461538461538464,0.002338970852824757,0.008032737193088816
12/12/2025,947,4922,5869,588,32,10,42,27,0,27,0,0,0,0,0,0,0.06230200633579725,0.0020316944331572532,0.011756687681035952
12/13/2025,676,4593,5269,460,24,9,33,15,0,15,3,0,3,0,0,0,0.0621301775147929,0.001959503592423253,0.00967925602581135
12/14/2025,580,3871,4451,451,16,7,23,3,0,3,0,0,0,0,0,0,0.032758620689655175,0.0018083182640144665,0.005841383958660975
12/15/2025,1176,13539,14715,629,24,16,40,14,1,15,0,0,0,1,0,1,0.03316326530612245,0.0011817711795553585,0.0037376826367652057
12/16/2025,1367,7558,8925,522,66,14,80,23,0,23,1,0,1,0,0,0,0.06583760058522312,0.0018523418893887271,0.01165266106442577
12/17/2025,1930,9655,11585,860,78,12,90,48,0,48,3,0,3,3,0,3,0.06839378238341969,0.0012428793371310203,0.012429866206301252
12/18/2025,3321,8724,12045,1267,131,7,138,79,0,79,12,0,12,10,0,10,0.0698584763625414,0.0008023842274186154,0.019842258198422582
12/19/2025,2641,7600,10241,1150,164,14,178,70,0,70,5,0,5,5,0,5,0.09238924649753881,0.0018421052631578947,0.025192852260521433
12/20/2025,813,5316,6129,465,22,8,30,13,0,13,1,0,1,0,0,0,0.04428044280442804,0.0015048908954100827,0.007178985152553435
12/21/2025,591,7792,8383,342,39,7,46,16,0,16,0,0,0,0,0,0,0.09306260575296109,0.0008983572895277207,0.007395920314923059
12/22/2025,1611,6166,7777,771,65,11,76,44,0,44,1,0,1,5,0,5,0.07138423339540657,0.0017839766461239053,0.0162016201620162
12/23/2025,928,7386,8314,553,32,18,50,17,0,17,2,0,2,0,0,0,0.05495689655172414,0.002437043054427295,0.008299254269906183
12/24/2025,607,16137,16744,405,12,15,27,8,0,8,0,0,0,0,0,0,0.032948929159802305,0.0009295408068414204,0.0020903010033444815
12/25/2025,459,38747,39206,310,17,24,41,8,0,8,1,0,1,0,0,0,0.05664488017429194,0.000619402792474256,0.001275315002805693
12/26/2025,596,21752,22348,322,23,14,37,9,0,9,0,0,0,0,0,0,0.053691275167785234,0.0006436189775652813,0.002058349740468946
12/27/2025,374,12802,13176,235,17,16,33,7,0,7,0,0,0,0,0,0,0.06417112299465241,0.0012498047180128104,0.0030358227079538553
12/28/2025,425,6192,6617,295,14,14,28,5,0,5,0,0,0,0,0,0,0.04470588235294118,0.0022609819121447027,0.0049871542995315096
12/29/2025,623,7114,7737,327,24,12,36,6,0,6,0,0,0,0,0,0,0.048154093097913325,0.0016868147315153219,0.005428460643660334
12/30/2025,428,6266,6694,256,32,11,43,10,0,10,2,0,2,0,0,0,0.102803738317757,0.0017555059048834983,0.008216313116223483
12/31/2025,345,10214,10559,219,19,11,30,6,0,6,0,0,0,0,0,0,0.07246376811594203,0.0010769532014881535,0.0034094137702433943
01/01/2026,191,20726,20917,135,13,16,29,4,0,4,0,0,0,0,0,0,0.08900523560209424,0.0007719772266718132,0.0015776641009705025
01/02/2026,1183,10230,11413,514,27,17,44,21,0,21,0,0,0,3,0,3,0.04311073541842773,0.0016617790811339198,0.005958117935687374
01/03/2026,545,6828,7373,282,24,11,35,9,0,9,0,0,0,0,0,0,0.060550458715596334,0.001611013473930873,0.005967720059677201
01/04/2026,251,4124,4375,162,8,6,14,1,0,1,0,0,0,0,0,0,0.035856573705179286,0.001454898157129001,0.0034285714285714284
01/05/2026,653,4938,5591,285,21,14,35,12,0,12,0,0,0,1,0,1,0.05206738131699847,0.0028351559335763467,0.008585226256483634
01/06/2026,1623,1925,3548,586,106,8,114,50,0,50,0,0,0,0,0,0,0.09611829944547134,0.004155844155844156,0.046223224351747465
01/07/2026,1797,7286,9083,644,515,11,526,58,0,58,0,0,0,3,0,3,0.32053422370617696,0.0015097447158934944,0.06462622481558956
01/08/2026,4094,8039,12133,2488,381,6,387,71,0,71,2,0,2,2,0,2,0.11138251099169516,0.0007463614877472322,0.038077969174977334
01/09/2026,4861,10131,14992,2669,413,11,424,160,0,160,6,0,6,5,0,5,0.12013988891174655,0.0010857763300760044,0.03968783351120598
01/10/2026,1961,11408,13369,1045,274,8,282,42,0,42,1,0,1,2,0,2,0.1626721060683325,0.0007012622720897616,0.02445957064851522
01/11/2026,1149,4480,5629,761,82,11,93,32,0,32,0,0,0,0,0,0,0.09921671018276762,0.002455357142857143,0.022206430982412508
01/12/2026,2056,6177,8233,831,307,13,320,59,0,59,1,0,1,1,0,1,0.17898832684824903,0.002104581512060871,0.046277177213652376
01/13/2026,2976,1954,4930,1242,344,10,354,60,0,60,3,0,3,1,0,1,0.13709677419354838,0.00511770726714432,0.08478701825557808
01/14/2026,3609,1785,5394,2211,195,8,203,63,0,63,1,0,1,3,0,3,0.07259628706012745,0.004481792717086834,0.05005561735261402
01/15/2026,2466,1301,3767,1251,113,6,119,57,0,57,0,0,0,2,0,2,0.06974858069748581,0.004611837048424289,0.047252455534908415
01/16/2026,2201,1588,3789,985,103,12,115,49,0,49,10,0,10,5,0,5,0.07587460245343026,0.007556675062972292,0.0472420163631565
01/17/2026,1340,1475,2815,808,82,9,91,15,0,15,0,0,0,0,0,0,0.07238805970149254,0.006101694915254237,0.037655417406749554
01/18/2026,983,939,1922,667,40,9,49,23,0,23,1,0,1,0,0,0,0.06510681586978637,0.009584664536741214,0.03798126951092612
01/19/2026,1681,2180,3861,1122,96,10,106,24,0,24,1,0,1,0,0,0,0.07198096371207614,0.0045871559633027525,0.03392903392903393
01/20/2026,1901,1939,3840,1031,98,7,105,31,0,31,1,0,1,0,0,0,0.0683850604944766,0.0036101083032490976,0.03567708333333333
01/21/2026,2243,2961,5204,1125,187,7,194,42,0,42,0,0,0,1,0,1,0.10254123941150245,0.002364066193853428,0.045541890853189854
01/22/2026,1735,3351,5086,816,89,8,97,36,0,36,0,0,0,0,0,0,0.07204610951008646,0.002387347060578932,0.02615021627998427
01/23/2026,1361,663,2024,737,51,7,58,24,0,24,0,0,0,1,0,1,0.055841293166789124,0.010558069381598794,0.04100790513833992
01/24/2026,475,902,1377,339,25,12,37,9,0,9,0,0,0,0,0,0,0.07157894736842105,0.013303769401330377,0.03340595497458242
01/25/2026,500,628,1128,331,45,7,52,5,0,5,0,0,0,0,0,0,0.1,0.011146496815286623,0.05053191489361702
01/26/2026,728,808,1536,438,32,12,44,14,0,14,0,0,0,0,0,0,0.06318681318681318,0.01485148514851485,0.037760416666666664
01/27/2026,829,1350,2179,380,32,11,43,11,0,11,3,0,3,0,0,0,0.05548854041013269,0.008148148148148147,0.026158788435061954
01/28/2026,847,1566,2413,485,44,12,56,21,0,21,6,0,6,1,0,1,0.08500590318772137,0.007662835249042145,0.03481143804392872
01/29/2026,1233,787,2020,693,68,7,75,28,0,28,8,0,8,0,0,0,0.08434712084347121,0.008894536213468869,0.05495049504950495
01/30/2026,706,785,1491,352,43,10,53,23,0,23,5,0,5,1,0,1,0.10198300283286119,0.012738853503184714,0.05499664654594232
01/31/2026,368,927,1295,219,19,10,29,10,0,10,0,0,0,0,0,0,0.07880434782608696,0.010787486515641856,0.030115830115830116
02/01/2026,616,705,1321,171,22,3,25,6,0,6,0,0,0,0,0,0,0.045454545454545456,0.00425531914893617,0.023467070401211203
02/02/2026,1490,881,2371,452,72,10,82,20,0,20,2,0,2,0,0,0,0.06308724832214765,0.011350737797956867,0.043863348797975536
02/03/2026,2832,1551,4383,735,102,16,118,29,0,29,1,0,1,0,0,0,0.046610169491525424,0.010315925209542231,0.03376682637462925
02/04/2026,3414,1552,4966,951,60,12,72,40,0,40,5,0,5,2,0,2,0.03134153485647335,0.007731958762886598,0.023962948046717683
02/05/2026,3006,946,3952,567,116,8,124,32,0,32,3,0,3,0,0,0,0.05023286759813706,0.008456659619450317,0.040232793522267205
02/06/2026,1722,762,2484,407,88,8,96,15,0,15,1,0,1,0,0,0,0.06039488966318235,0.010498687664041995,0.04508856682769726
02/07/2026,870,1170,2040,291,24,12,36,8,0,8,1,0,1,0,0,0,0.03793103448275862,0.010256410256410256,0.022058823529411766
02/08/2026,858,651,1509,318,24,6,30,3,0,3,0,0,0,0,0,0,0.03146853146853147,0.009216589861751152,0.02186878727634195
02/09/2026,1182,1066,2248,371,16,18,34,9,0,9,0,0,0,0,0,0,0.021150592216582064,0.016885553470919325,0.01912811387900356
02/10/2026,1738,1640,3378,463,44,17,61,19,0,19,1,0,1,2,0,2,0.0379746835443038,0.010365853658536586,0.02457075192421551
02/11/2026,1464,2180,3644,343,34,12,46,10,0,10,0,0,0,1,0,1,0.030737704918032786,0.005504587155963303,0.015642151481888036
02/12/2026,616,3229,3845,156,14,27,41,3,0,3,0,0,0,0,0,0,0.027597402597402596,0.00836172189532363,0.011443433029908972
02/13/2026,898,2674,3572,114,14,25,39,5,0,5,0,0,0,0,0,0,0.021158129175946547,0.009349289454001496,0.012318029115341545
02/14/2026,324,2129,2453,101,2,30,32,2,0,2,0,0,0,0,0,0,0.012345679012345678,0.014091122592766557,0.013860578883000407
02/15/2026,336,1810,2146,110,6,25,31,0,0,0,0,0,0,0,0,0,0.017857142857142856,0.013812154696132596,0.014445479962721343
02/16/2026,994,3031,4025,264,22,37,59,10,0,10,1,0,1,1,0,1,0.03420523138832998,0.012537116463213462,0.017888198757763974
02/17/2026,1730,2689,4419,406,174,30,204,28,0,28,8,0,8,6,0,6,0.12485549132947976,0.011156563778356266,0.055668703326544465
02/18/2026,1480,2913,4393,346,56,34,90,20,0,20,1,0,1,2,0,2,0.05337837837837838,0.012358393408856848,0.02617801047120419
02/19/2026,1650,3545,5195,296,54,28,82,28,0,28,4,0,4,1,0,1,0.05272727272727273,0.008180535966149507,0.022329162656400385
02/20/2026,1074,3770,4844,263,42,52,94,13,0,13,0,0,0,0,0,0,0.051210428305400374,0.014058355437665782,0.022295623451692816
02/21/2026,590,4471,5061,175,16,43,59,7,0,7,0,0,0,0,0,0,0.03898305084745763,0.009617535227018564,0.013040901007705987
02/22/2026,322,2538,2860,92,6,28,34,4,0,4,0,0,0,0,0,0,0.031055900621118012,0.01103230890464933,0.013286713286713287
02/23/2026,486,3020,3506,146,20,31,51,8,0,8,0,0,0,0,0,0,0.05761316872427984,0.010264900662251655,0.016828294352538506
02/24/2026,874,2867,3741,202,14,32,46,6,0,6,0,0,0,0,0,0,0.02288329519450801,0.011161492849668643,0.013900026730820636
02/25/2026,856,2343,3199,192,34,20,54,13,0,13,2,0,2,1,0,1,0.05841121495327103,0.008536064874093044,0.02188183807439825
02/26/2026,1278,2687,3965,284,20,30,50,14,0,14,0,0,0,0,0,0,0.026604068857589983,0.011164867882396725,0.01614123581336696
02/27/2026,560,3095,3655,133,8,36,44,2,0,2,0,0,0,0,0,0,0.017857142857142856,0.011631663974151859,0.012585499316005472
02/28/2026,288,3401,3689,83,12,35,47,2,0,2,1,0,1,1,0,1,0.05555555555555555,0.010291090855630698,0.013824884792626729
03/01/2026,192,0,192,59,6,0,6,0,0,0,0,0,0,0,0,0,0.03125,0.0,0.03125
03/02/2026,666,0,666,134,6,0,6,2,0,2,0,0,0,1,0,1,0.013513513513513514,0.0,0.013513513513513514
03/03/2026,1670,0,1670,344,18,0,18,11,0,11,1,0,1,0,0,0,0.017964071856287425,0.0,0.017964071856287425
03/04/2026,2132,0,2132,435,52,0,52,29,0,29,12,0,12,2,0,2,0.04455909943714822,0.0,0.04455909943714822
03/05/2026,3114,87137,90251,600,148,26,174,38,0,38,6,0,6,0,0,0,0.06165703275529865,0.00029838071083466267,0.002415485700989463
03/06/2026,3222,169020,172242,704,122,29,151,43,0,43,3,0,3,2,0,2,0.05276225946617008,0.0001715773281268489,0.0011553511919276368
03/07/2026,2998,125314,128312,926,126,28,154,37,0,37,0,0,0,2,0,2,0.055036691127418276,0.00022343872193051055,0.0015041461437745496
03/08/2026,1500,121458,122958,493,34,31,65,9,0,9,1,0,1,1,0,1,0.03,0.00025523226135783564,0.0006180972364547244
03/09/2026,2674,173487,176161,716,46,51,97,18,0,18,1,0,1,0,0,0,0.024308152580403888,0.0002939701533832506,0.0006584885417317113
03/10/2026,3238,188211,191449,677,66,40,106,21,0,21,0,0,0,2,0,2,0.027486102532427423,0.0002125274293213468,0.0006738086905651113
03/11/2026,1826,174155,175981,428,30,45,75,11,0,11,2,0,2,1,0,1,0.024096385542168676,0.00025839051419712325,0.0005057364147265898
03/12/2026,4958,0,4958,1622,70,0,70,26,0,26,11,0,11,1,0,1,0.021782977006857603,0.0,0.021782977006857603
03/13/2026,3128,0,3128,1135,60,0,60,19,0,19,0,0,0,0,0,0,0.025255754475703326,0.0,0.025255754475703326
03/14/2026,1040,0,1040,389,18,0,18,6,0,6,0,0,0,0,0,0,0.023076923076923078,0.0,0.023076923076923078
03/15/2026,890,0,890,323,10,0,10,4,0,4,0,0,0,0,0,0,0.015730337078651686,0.0,0.015730337078651686
03/16/2026,1630,0,1630,518,26,0,26,17,0,17,0,0,0,0,0,0,0.02638036809815951,0.0,0.02638036809815951
03/17/2026,2292,0,2292,508,34,0,34,16,0,16,5,0,5,0,0,0,0.02399650959860384,0.0,0.02399650959860384
03/18/2026,2604,0,2604,662,68,0,68,20,0,20,4,0,4,0,0,0,0.03533026113671275,0.0,0.03533026113671275
03/19/2026,4234,0,4234,1112,124,0,124,41,0,41,11,0,11,3,0,3,0.04227680680207841,0.0,0.04227680680207841
03/20/2026,2696,0,2696,752,74,0,74,28,0,28,4,0,4,4,0,4,0.04080118694362018,0.0,0.04080118694362018
03/21/2026,1920,0,1920,651,70,0,70,22,0,22,1,0,1,0,0,0,0.0484375,0.0,0.0484375
03/22/2026,1346,0,1346,513,10,0,10,10,0,10,0,0,0,0,0,0,0.014858841010401188,0.0,0.014858841010401188
03/23/2026,2170,0,2170,517,40,0,40,13,0,13,8,0,8,3,0,3,0.029493087557603687,0.0,0.029493087557603687
03/24/2026,3750,0,3750,1133,102,0,102,33,0,33,6,0,6,0,0,0,0.0376,0.0,0.0376
03/25/2026,4064,0,4064,1091,226,0,226,50,0,50,5,0,5,0,0,0,0.06914370078740158,0.0,0.06914370078740158
03/26/2026,2860,0,2860,757,84,0,84,42,0,42,5,0,5,3,0,3,0.04685314685314685,0.0,0.04685314685314685
03/27/2026,1822,0,1822,466,46,0,46,21,0,21,0,0,0,1,0,1,0.03732162458836443,0.0,0.03732162458836443
03/28/2026,784,0,784,276,24,0,24,12,0,12,3,0,3,0,0,0,0.04974489795918367,0.0,0.04974489795918367
03/29/2026,802,0,802,272,36,0,36,8,0,8,1,0,1,0,0,0,0.05610972568578554,0.0,0.05610972568578554
03/30/2026,2104,0,2104,434,38,0,38,19,0,19,6,0,6,1,0,1,0.030418250950570342,0.0,0.030418250950570342
03/31/2026,2332,0,2332,495,64,0,64,21,0,21,4,0,4,3,0,3,0.03945111492281304,0.0,0.03945111492281304
04/01/2026,3278,0,3278,901,116,0,116,26,0,26,1,0,1,1,0,1,0.04392922513727883,0.0,0.04392922513727883
04/02/2026,3382,0,3382,637,78,0,78,43,0,43,13,0,13,2,0,2,0.04021289178001183,0.0,0.04021289178001183
04/03/2026,1140,0,1140,360,32,0,32,13,0,13,0,0,0,0,0,0,0.039473684210526314,0.0,0.039473684210526314
04/04/2026,648,0,648,231,16,0,16,6,0,6,1,0,1,0,0,0,0.035493827160493825,0.0,0.035493827160493825
04/05/2026,610,0,610,200,12,0,12,2,0,2,0,0,0,0,0,0,0.022950819672131147,0.0,0.022950819672131147
04/06/2026,2382,0,2382,750,68,0,68,23,0,23,4,0,4,1,0,1,0.04030226700251889,0.0,0.04030226700251889
04/07/2026,4487,0,4487,1350,106,0,106,41,0,41,4,0,4,3,0,3,0.0343213728549142,0.0,0.0343213728549142
04/08/2026,2214,0,2214,572,38,0,38,26,0,26,3,0,3,1,0,1,0.03071364046973803,0.0,0.03071364046973803
04/09/2026,2534,0,2534,569,42,0,42,17,0,17,3,0,3,0,0,0,0.0244672454617206,0.0,0.0244672454617206
04/10/2026,3436,0,3436,901,56,0,56,23,0,23,1,0,1,0,0,0,0.023282887077997673,0.0,0.023282887077997673
04/11/2026,2018,0,2018,679,34,0,34,7,0,7,0,0,0,0,0,0,0.020317145688800792,0.0,0.020317145688800792
04/12/2026,1482,0,1482,514,48,0,48,11,0,11,1,0,1,0,0,0,0.04048582995951417,0.0,0.04048582995951417
04/13/2026,3028,0,3028,743,182,0,182,17,0,17,2,0,2,0,0,0,0.06638044914134743,0.0,0.06638044914134743
04/14/2026,2466,0,2466,557,396,0,396,46,0,46,0,0,0,0,0,0,0.1792376317923763,0.0,0.1792376317923763
04/15/2026,3054,0,3054,743,826,0,826,79,0,79,4,0,4,5,0,5,0.29927963326784546,0.0,0.29927963326784546
04/16/2026,3100,0,3100,665,268,0,268,84,0,84,5,0,5,2,0,2,0.11580645161290322,0.0,0.11580645161290322
04/17/2026,4250,0,4250,1123,214,0,214,65,0,65,6,0,6,1,0,1,0.06729411764705882,0.0,0.06729411764705882
04/18/2026,1188,0,1188,358,44,0,44,23,0,23,0,0,0,0,0,0,0.0563973063973064,0.0,0.0563973063973064
04/19/2026,1164,0,1164,356,28,0,28,11,0,11,0,0,0,1,0,1,0.03436426116838488,0.0,0.03436426116838488
04/20/2026,1872,0,1872,458,80,0,80,18,0,18,2,0,2,0,0,0,0.053418803418803416,0.0,0.053418803418803416
04/21/2026,4348,0,4348,1208,198,0,198,54,0,54,0,0,0,0,0,0,0.05795768169273229,0.0,0.05795768169273229
04/22/2026,5562,0,5562,1571,292,0,292,71,0,71,5,0,5,3,0,3,0.06670262495505214,0.0,0.06670262495505214
04/23/2026,2410,0,2410,741,136,0,136,31,0,31,2,0,2,1,0,1,0.07053941908713693,0.0,0.07053941908713693
04/24/2026,1170,0,1170,318,28,0,28,14,0,14,0,0,0,0,0,0,0.035897435897435895,0.0,0.035897435897435895
04/25/2026,706,0,706,246,48,0,48,4,0,4,0,0,0,0,0,0,0.07365439093484419,0.0,0.07365439093484419
04/26/2026,802,0,802,280,42,0,42,6,0,6,0,0,0,0,0,0,0.059850374064837904,0.0,0.059850374064837904
04/27/2026,1224,0,1224,273,64,0,64,10,0,10,0,0,0,0,0,0,0.06045751633986928,0.0,0.06045751633986928
04/28/2026,1968,0,1968,361,64,0,64,17,0,17,3,0,3,1,0,1,0.043191056910569105,0.0,0.043191056910569105
04/29/2026,1268,0,1268,290,38,0,38,8,0,8,7,0,7,2,0,2,0.04337539432176656,0.0,0.04337539432176656
04/30/2026,1636,0,1636,321,84,0,84,26,0,26,0,0,0,1,0,1,0.0678484107579462,0.0,0.0678484107579462
05/01/2026,2220,0,2220,654,122,0,122,21,0,21,2,0,2,1,0,1,0.06576576576576576,0.0,0.06576576576576576
05/02/2026,1228,0,1228,435,56,0,56,13,0,13,0,0,0,1,0,1,0.057003257328990226,0.0,0.057003257328990226
05/03/2026,692,0,692,252,18,0,18,5,0,5,0,0,0,0,0,0,0.033236994219653176,0.0,0.033236994219653176
05/04/2026,1400,0,1400,436,38,0,38,21,0,21,1,0,1,0,0,0,0.04285714285714286,0.0,0.04285714285714286
05/05/2026,1792,0,1792,536,66,0,66,20,0,20,2,0,2,1,0,1,0.04966517857142857,0.0,0.04966517857142857
05/06/2026,1998,31187,33185,563,96,3,99,24,0,24,3,0,3,1,0,1,0.062062062062062065,9.61939269567448e-05,0.003827030284767214
05/07/2026,1742,27428,29170,460,62,8,70,16,0,16,2,0,2,1,0,1,0.04649827784156142,0.00029167274318214965,0.0030510798765855333
05/08/2026,968,30842,31810,263,26,13,39,13,1,14,0,0,0,0,0,0,0.040289256198347105,0.0005187731016146812,0.0017290160326941214
05/09/2026,626,23206,23832,203,24,11,35,12,0,12,2,0,2,0,0,0,0.06070287539936102,0.0007325691631474619,0.002307821416582746
05/10/2026,494,21218,21712,161,16,15,31,0,0,0,0,0,0,0,0,0,0.032388663967611336,0.000848336318220379,0.0015659543109801033
05/11/2026,688,10400,11088,215,22,6,28,7,1,8,2,0,2,0,0,0,0.04505813953488372,0.001153846153846154,0.003878066378066378
05/12/2026,1514,83755,85269,296,10,37,47,17,0,17,3,0,3,2,0,2,0.021136063408190225,0.0004775834278550534,0.0008443865883263554
05/13/2026,1494,67849,69343,372,30,22,52,19,1,20,1,0,1,0,0,0,0.03346720214190094,0.0007811463691432445,0.0014853698282451004
05/14/2026,1614,15082,16696,477,74,10,84,41,1,42,1,0,1,0,0,0,0.07187112763320942,0.0008619546479246784,0.00772640153330139
05/15/2026,1270,2240,3510,340,28,5,33,9,0,9,2,0,2,0,0,0,0.030708661417322834,0.004910714285714286,0.014245014245014245
05/16/2026,376,4,380,133,12,0,12,2,0,2,0,0,0,0,0,0,0.03723404255319149,0.0,0.03684210526315789
05/17/2026,450,1,451,143,12,0,12,1,0,1,0,0,0,0,0,0,0.028888888888888888,0.0,0.028824833702882482
05/18/2026,692,469,1161,181,24,5,29,8,0,8,1,0,1,0,0,0,0.0476878612716763,0.019189765458422176,0.03617571059431524
05/19/2026,1534,483,2017,318,100,5,105,17,0,17,3,0,3,1,0,1,0.0788787483702738,0.010351966873706004,0.06246901338621715
05/20/2026,1676,603,2279,374,78,5,83,14,0,14,3,0,3,1,0,1,0.057279236276849645,0.014925373134328358,0.046072838964458095
05/21/2026,1618,496,2114,430,70,5,75,17,0,17,3,0,3,0,0,0,0.05562422744128554,0.07258064516129033,0.059602649006622516
05/22/2026,1240,1382,2622,316,74,7,81,13,4,17,3,0,3,1,0,1,0.07338709677419354,0.013024602026049204,0.041571319603356215
05/23/2026,2830,0,2830,887,214,0,214,34,0,34,15,0,15,2,0,2,0.09363957597173145,0.0,0.09363957597173145
05/24/2026,1028,0,1028,362,38,0,38,2,0,2,2,0,2,0,0,0,0.04085603112840467,0.0,0.04085603112840467
05/25/2026,1062,1043,2105,342,60,5,65,7,2,9,0,0,0,0,0,0,0.06308851224105462,0.010546500479386385,0.03705463182897862
05/26/2026,1388,941,2329,388,38,5,43,13,5,18,0,0,0,0,0,0,0.03674351585014409,0.040382571732199786,0.038213825676255905
05/27/2026,1500,790,2290,353,48,7,55,21,2,23,2,0,2,3,0,3,0.04933333333333333,0.0189873417721519,0.0388646288209607
05/28/2026,1452,955,2407,341,48,5,53,19,2,21,4,0,4,1,0,1,0.049586776859504134,0.019895287958115182,0.037806398005816366
05/29/2026,868,726,1594,212,20,5,25,1,2,3,1,0,1,1,0,1,0.026497695852534562,0.06473829201101929,0.043914680050188205
05/30/2026,352,0,352,104,20,0,20,2,0,2,0,0,0,0,0,0,0.0625,0.0,0.0625
05/31/2026,228,0,228,77,8,0,8,2,0,2,0,0,0,0,0,0,0.043859649122807015,0.0,0.043859649122807015
06/01/2026,544,752,1296,132,0,6,6,6,3,9,1,0,1,0,0,0,0.012867647058823529,0.022606382978723406,0.018518518518518517
06/02/2026,1472,889,2361,266,34,6,40,9,2,11,5,0,5,0,0,0,0.03260869565217391,0.01124859392575928,0.02456586192291402
06/03/2026,808,748,1556,204,98,5,103,10,1,11,0,0,0,2,0,2,0.13613861386138615,0.012032085561497326,0.07647814910025708
06/04/2026,1438,675,2113,266,122,5,127,18,0,18,2,0,2,3,0,3,0.10083449235048679,0.008888888888888889,0.07146237576904875
06/05/2026,1060,411,1471,216,68,5,73,18,0,18,2,0,2,0,0,0,0.0830188679245283,0.014598540145985401,0.06390210740992522
06/06/2026,284,0,284,98,16,0,16,1,0,1,0,0,0,0,0,0,0.05985915492957746,0.0,0.05985915492957746
06/07/2026,242,0,242,75,14,0,14,3,0,3,0,0,0,0,0,0,0.07024793388429752,0.0,0.07024793388429752
06/08/2026,1196,390,1586,312,20,5,25,11,0,11,0,0,0,1,0,1,0.026755852842809364,0.015384615384615385,0.02395964691046658
06/09/2026,1508,377,1885,325,64,6,70,16,1,17,2,0,2,2,0,2,0.05570291777188329,0.026525198938992044,0.04986737400530504
06/10/2026,1034,367,1401,315,77,5,82,27,1,28,5,0,5,1,0,1,0.10638297872340426,0.02997275204359673,0.08636688079942897
06/11/2026,642,458,1100,302,48,5,53,8,0,8,1,0,1,1,0,1,0.09034267912772585,0.017467248908296942,0.06
06/12/2026,622,1091,1713,326,26,5,31,8,3,11,1,0,1,0,0,0,0.05627009646302251,0.01008249312557287,0.026853473438412143
06/13/2026,269,0,269,187,7,0,7,1,0,1,0,0,0,0,0,0,0.02973977695167286,0.0,0.02973977695167286
06/14/2026,173,0,173,145,0,0,0,1,0,1,0,0,0,0,0,0,0.005780346820809248,0.0,0.005780346820809248
06/15/2026,236,560,796,142,10,5,15,3,2,5,0,0,0,0,0,0,0.05508474576271186,0.02142857142857143,0.031407035175879394
06/16/2026,343,725,1068,143,3,5,8,12,0,12,3,0,3,2,0,2,0.05830903790087463,0.04551724137931035,0.04962546816479401
06/17/2026,1211,1079,2290,414,75,5,80,29,2,31,2,0,2,1,0,1,0.08835672997522709,0.010194624652455977,0.05152838427947598
06/18/2026,846,487,1333,349,98,5,103,23,2,25,1,0,1,1,0,1,0.1453900709219858,0.022587268993839837,0.1005251312828207
06/19/2026,539,450,989,268,40,5,45,14,0,14,0,0,0,0,0,0,0.10018552875695733,0.051111111111111114,0.07785642062689585
06/20/2026,239,0,239,121,17,0,17,8,0,8,1,0,1,0,0,0,0.1087866108786611,0.0,0.1087866108786611
06/21/2026,203,0,203,129,28,0,28,6,0,6,0,0,0,0,0,0,0.16748768472906403,0.0,0.16748768472906403
06/22/2026,488,991,1479,230,36,5,41,11,0,11,1,0,1,0,0,0,0.09836065573770492,0.008072653884964682,0.03786342123056119
06/23/2026,535,863,1398,228,9,6,15,6,0,6,0,0,0,0,0,0,0.028037383177570093,0.012746234067207415,0.01859799713876967
06/24/2026,1204,489,1693,327,34,5,39,31,0,31,4,0,4,2,0,2,0.058970099667774084,0.1574642126789366,0.0874187832250443
06/25/2026,986,543,1529,316,46,5,51,21,0,21,1,0,1,0,0,0,0.06896551724137931,0.0570902394106814,0.06474820143884892
06/26/2026,717,1033,1750,386,28,5,33,27,1,28,3,0,3,0,0,0,0.08089260808926081,0.015488867376573089,0.04228571428571429
06/27/2026,492,0,492,354,21,0,21,14,0,14,0,0,0,0,0,0,0.07113821138211382,0.0,0.07113821138211382
06/28/2026,293,0,293,226,22,0,22,9,0,9,0,0,0,0,0,0,0.10580204778156997,0.0,0.10580204778156997
06/29/2026,2197,527,2724,1399,55,5,60,39,0,39,4,0,4,0,0,0,0.04460628129267182,0.013282732447817837,0.038546255506607924
06/30/2026,1266,719,1985,739,39,6,45,22,1,23,2,0,2,0,0,0,0.04976303317535545,0.015299026425591099,0.03727959697732997
07/01/2026,924,650,1574,487,33,5,38,16,0,16,0,0,0,2,0,2,0.05519480519480519,0.027692307692307693,0.04383735705209657
07/02/2026,745,738,1483,403,18,5,23,12,0,12,1,0,1,0,0,0,0.04161073825503356,0.08130081300813008,0.06136210384356035
07/03/2026,677,1029,1706,445,22,5,27,20,0,20,2,0,2,0,0,0,0.06499261447562776,0.006802721088435374,0.029894490035169984
07/04/2026,625,0,625,441,17,0,17,21,0,21,0,0,0,0,0,0,0.0608,0.0,0.0608
07/05/2026,568,0,568,431,6,0,6,12,0,12,0,0,0,1,0,1,0.03345070422535211,0.0,0.03345070422535211
07/06/2026,696,883,1579,426,17,7,24,21,0,21,5,0,5,2,0,2,0.06465517241379311,0.021517553793884484,0.04053198226725776
07/07/2026,791,878,1669,358,33,5,38,27,0,27,5,0,5,0,0,0,0.08217446270543616,0.01366742596810934,0.046135410425404436
07/08/2026,985,2348,3333,346,40,38,78,41,4,45,2,0,2,2,0,2,0.08629441624365482,0.01788756388415673,0.038103810381038106
07/09/2026,849,2333,3182,347,31,73,104,33,13,46,5,1,6,0,1,1,0.0812720848056537,0.036862408915559364,0.048711502199874294
07/10/2026,609,502,1111,181,8,6,14,8,0,8,0,0,0,1,0,1,0.027914614121510674,0.0199203187250996,0.024302430243024302
07/11/2026,159,0,159,93,4,0,4,2,0,2,0,0,0,0,0,0,0.03773584905660377,0.0,0.03773584905660377
07/12/2026,240,0,240,88,0,0,0,0,0,0,0,0,0,0,0,0,0.0,0.0,0.0
07/13/2026,361,262,623,167,10,7,17,20,0,20,1,0,1,1,0,1,0.0886426592797784,0.10687022900763359,0.09630818619582665
07/14/2026,1117,1280,2397,508,14,7,21,22,0,22,0,0,0,0,0,0,0.03222918531781558,0.00703125,0.01877346683354193
07/15/2026,534,1030,1564,347,3,6,9,3,1,4,0,2,2,0,0,0,0.011235955056179775,0.011650485436893204,0.011508951406649617
07/16/2026,435,524,959,175,4,5,9,14,0,14,1,1,2,0,0,0,0.04367816091954023,0.01717557251908397,0.029197080291970802
07/17/2026,517,1036,1553,179,10,5,15,8,3,11,0,0,0,2,0,2,0.03868471953578337,0.011583011583011582,0.0206052801030264
07/18/2026,171,32,203,93,1,0,1,6,0,6,0,0,0,0,0,0,0.04093567251461988,0.0,0.034482758620689655
07/19/2026,130,0,130,95,1,0,1,17,0,17,0,0,0,0,0,0,0.13846153846153847,0.0,0.13846153846153847
07/20/2026,1216,1648,2864,670,23,7,30,33,3,36,1,0,1,1,0,1,0.047697368421052634,0.018810679611650484,0.031075418994413406
07/21/2026,1625,609,2234,622,20,6,26,23,1,24,5,0,5,0,0,0,0.029538461538461538,0.026272577996715927,0.02864816472694718
07/22/2026,1736,401,2137,715,34,7,41,46,1,47,2,0,2,0,0,0,0.04723502304147465,0.032418952618453865,0.04445484323818437
07/23/2026,1507,1714,3221,731,37,5,42,51,0,51,5,0,5,2,0,2,0.0630391506303915,0.005250875145857643,0.03228810928283142
07/24/2026,668,1728,2396,419,14,6,20,20,6,26,0,0,0,1,0,1,0.05239520958083832,0.009259259259259259,0.021285475792988316
07/25/2026,264,0,264,198,3,0,3,3,0,3,0,0,0,0,0,0,0.022727272727272728,0.0,0.022727272727272728
07/26/2026,218,0,218,167,12,0,12,5,0,5,0,0,0,0,0,0,0.0779816513761468,0.0,0.0779816513761468
07/27/2026,483,1131,1614,249,12,5,17,12,0,12,0,0,0,0,0,0,0.049689440993788817,0.007957559681697613,0.020446096654275093
07/28/2026,2147,997,3144,1166,43,7,50,36,0,36,0,0,0,3,0,3,0.038192827200745225,0.0160481444332999,0.031170483460559797
07/29/2026,1593,1489,3082,902,36,7,43,21,0,21,2,0,2,1,0,1,0.03766478342749529,0.006715916722632639,0.0227125243348475
07/30/2026,976,493,1469,657,26,6,32,6,0,6,0,0,0,1,0,1,0.03381147540983607,0.05070993914807302,0.039482641252552755
07/31/2026,1129,568,1697,581,8,5,13,8,0,8,2,0,2,1,0,1,0.01682905225863596,0.008802816901408451,0.014142604596346494
08/01/2026,779,0,779,472,15,0,15,16,0,16,0,0,0,0,0,0,0.03979460847240052,0.0,0.03979460847240052
08/02/2026,634,0,634,497,9,0,9,4,0,4,0,0,0,0,0,0,0.02050473186119874,0.0,0.02050473186119874
08/03/2026,892,1105,1997,535,21,9,30,14,0,14,1,0,1,0,0,0,0.04035874439461883,0.009954751131221719,0.023535302954431646
08/04/2026,1213,2468,3681,735,27,42,69,29,7,36,1,1,2,2,0,2,0.048639736191261336,0.019043760129659644,0.028796522684053246
08/05/2026,1291,2737,4028,572,29,104,133,22,20,42,1,0,1,0,1,1,0.040278853601859024,0.06065034709535988,0.054121151936444886
08/06/2026,1504,2295,3799,710,19,78,97,43,12,55,4,0,4,4,0,4,0.04654255319148936,0.03529411764705882,0.03974730192155831
08/07/2026,729,408,1137,320,21,5,26,20,0,20,0,0,0,2,0,2,0.05898491083676269,0.0196078431372549,0.044854881266490766
08/08/2026,348,0,348,211,11,0,11,11,0,11,0,0,0,0,0,0,0.06321839080459771,0.0,0.06321839080459771
08/09/2026,379,0,379,217,7,0,7,7,0,7,0,0,0,0,0,0,0.036939313984168866,0.0,0.036939313984168866
08/10/2026,1082,1307,2389,579,21,5,26,42,1,43,2,0,2,1,0,1,0.06099815157116451,0.023718439173680182,0.04060276266220176
08/11/2026,624,959,1583,291,11,6,17,16,0,16,1,0,1,0,0,0,0.04487179487179487,0.045881126173096975,0.045483259633607075
08/12/2026,599,1083,1682,257,14,6,20,14,1,15,2,0,2,3,0,3,0.05509181969949917,0.010156971375807941,0.026159334126040427
08/13/2026,1081,986,2067,481,28,5,33,30,1,31,4,1,5,2,0,2,0.05920444033302498,0.010141987829614604,0.03580067731011127
08/14/2026,1118,543,1661,597,48,5,53,21,1,22,1,0,1,1,0,1,0.06350626118067978,0.016574585635359115,0.048163756773028296
08/15/2026,616,1,617,435,26,0,26,17,0,17,0,0,0,0,0,0,0.0698051948051948,0.0,0.06969205834683954
08/16/2026,175,0,175,116,1,0,1,0,0,0,0,0,0,0,0,0,0.005714285714285714,0.0,0.005714285714285714
08/17/2026,910,1373,2283,299,18,6,24,17,1,18,3,0,3,1,0,1,0.04285714285714286,0.014566642388929352,0.025843188786684186
08/18/2026,2134,1385,3519,1198,71,5,76,66,0,66,4,0,4,2,0,2,0.06701030927835051,0.023826714801444042,0.05001420858198352
08/19/2026,1283,545,1828,541,54,5,59,47,0,47,5,0,5,3,0,3,0.08495713172252534,0.09724770642201835,0.0886214442013129
08/20/2026,883,666,1549,406,30,5,35,23,0,23,2,0,2,1,0,1,0.06342015855039637,0.013513513513513514,0.04196255648805681
08/21/2026,399,917,1316,197,21,5,26,15,0,15,0,0,0,2,0,2,0.09523809523809523,0.0054525627044711015,0.03267477203647416
08/22/2026,184,0,184,112,14,0,14,3,0,3,0,0,0,1,0,1,0.09782608695652174,0.0,0.09782608695652174
08/23/2026,139,0,139,104,4,0,4,4,0,4,0,0,0,0,0,0,0.05755395683453238,0.0,0.05755395683453238
