Location,Total followers
Detroit Metropolitan Area,229
Greater Chicago Area,98
New York City Metropolitan Area,79
Los Angeles Metropolitan Area,78
Greater Boston,64
"Greater Bengaluru Area, India",51
San Francisco Bay Area,51
Washington DC-Baltimore Area,51
Greater Cleveland,50
Dallas-Fort Worth Metroplex,43
"Greater Toronto Area, Canada, Canada",40
Greater Philadelphia,39
Charlotte Metro,38
Greater Houston,37
Greater Minneapolis-St. Paul Area,34
"Mumbai Metropolitan Region, India",34
"Austin, Texas Metropolitan Area",34
Atlanta Metropolitan Area,31
Greater Indianapolis,31
"Greater Delhi Area, India",29
"Greenville-Spartanburg-Anderson, South Carolina Area",27
Cincinnati Metropolitan Area,26
Greater Hartford,25
Miami-Fort Lauderdale Area,25
"Albany, New York Metropolitan Area",23
"Greater Chennai Area, India",23
"Pune/Pimpri-Chinchwad Area, India",23
Greater Pittsburgh Region,22
Denver Metropolitan Area,20
Greater Milwaukee,20
Greater Phoenix Area,19
"Greater Istanbul, Türkiye",19
Greater Seattle Area,19
"Greater Munich Metropolitan Area, Germany",19
Grand Rapids Metropolitan Area,16
Nashville Metropolitan Area,15
Raleigh-Durham-Chapel Hill Area,15
San Diego Metropolitan Area,14
"Wichita, Kansas Metropolitan Area",14
"Cairo, Egypt",14
Salt Lake City Metropolitan Area,13
"Portland, Oregon Metropolitan Area",13
"Greater Montreal Metropolitan Area, Canada",13
"Greater Hyderabad Area, India",13
"Columbus, Ohio Metropolitan Area",12
Knoxville Metropolitan Area,12
"Greater Coimbatore Area, India",12
"London Area, United Kingdom, United Kingdom",12
Greater Tampa Bay Area,11
Greater Orlando,11
"Stuttgart Region, Germany",10
Singapore,10
"Greater Kolkata Area, India",10
Greensboro--Winston-Salem--High Point Area,10
Buffalo-Niagara Falls Area,10
"Ho Chi Minh City Metropolitan Area, Vietnam",10
"Greater São Paulo Area, Brazil",9
Erie-Meadville Area,9
"San Antonio, Texas Metropolitan Area",9
"Charleston, South Carolina Metropolitan Area",9
Greater St. Louis,9
"Columbia, South Carolina Metropolitan Area",8
Greater Kalamazoo Area,8
"Greater Campinas, Brazil",8
"Greater Ahmedabad Area, India",8
"Greater Tubingen Area, Germany",8
"Taipei–Keelung Metropolitan area, Taiwan",8
Greater Anchorage Area,8
"Greater Sydney Area, Australia",8
"Greater Paris Metropolitan Region, France",8
"Brabantine City Row, Netherlands",8
"Springfield, Massachusetts Metropolitan Area",8
Greater Tucson Area,8
"Greater Ankara, Türkiye",7
State College-DuBois Area,7
Huntsville-Decatur-Albertville Area,7
Appleton-Oshkosh-Neenah Area,7
"Springfield-Branson, Missouri Area",7
"Metro Manila, Philippines",7
"Lafayette, Indiana Metropolitan Area",6
"Casablanca Metropolitan Area, Morocco",6
Las Vegas Metropolitan Area,6
"Mexico City Metropolitan Area, Mexico",6
"Monterrey Metropolitan Area, Mexico",6
"Johannesburg Metropolitan Area, South Africa",6
"Shenzhen, China",6
Des Moines Metropolitan Area,6
"Grand Tunis Metropolitan Area, Tunisia",5
"Greater Barcelona Metropolitan Area, Spain",5
Greater Lansing,5
Metro Jacksonville,5
Greater Richmond Region,5
"Karachi Division, Pakistan",5
Kansas City Metropolitan Area,5
"Greater Kitchener-Cambridge-Waterloo Metropolitan Area, Canada",5
Louisville Metropolitan Area,5
Memphis Metropolitan Area,5
"Amritsar/Ludhiana Area, India",5
"Lincoln, Nebraska Metropolitan Area",5
"Greater Nanjing Area, China",5
