Job function,Total followers
Business Development,506
Engineering,378
Sales,375
Operations,333
Marketing,216
Education,142
Research,117
Media and Communication,113
Information Technology,105
Program and Project Management,74
Community and Social Services,56
Arts and Design,50
Human Resources,46
Product Management,41
Customer Success and Support,36
Consulting,33
Finance,28
Quality Assurance,28
Administrative,23
Entrepreneurship,18
Accounting,15
Healthcare Services,13
Legal,11
Military and Protective Services,8
Purchasing,8
Real Estate,8
