Date,Overview page views (desktop),Overview page views (mobile),Overview page views (total),Overview unique visitors (desktop),Overview unique visitors (mobile),Overview unique visitors (total),Life page views (desktop),Life page views (mobile),Life page views (total),Life unique visitors (desktop),Life unique visitors (mobile),Life unique visitors (total),Jobs page views (desktop),Jobs page views (mobile),Jobs page views (total),Jobs unique visitors (desktop),Jobs unique visitors (mobile),Jobs unique visitors (total),Total page views (desktop),Total page views (mobile),Total page views (total),Total unique visitors (desktop),Total unique visitors (mobile),Total unique visitors (total)
08/24/2025,0,0,0,0,0,0,0,0,0,0,0,0,0,0,0,0,0,0,0,0,0,0,0,0
08/25/2025,12,0,12,6,0,6,0,0,0,0,0,0,0,0,0,0,0,0,12,0,12,6,0,6
08/26/2025,7,3,10,4,2,6,0,0,0,0,0,0,0,0,0,0,0,0,7,3,10,4,2,6
08/27/2025,2,1,3,1,1,2,0,0,0,0,0,0,0,0,0,0,0,0,2,1,3,1,1,2
08/28/2025,8,1,9,5,1,6,0,0,0,0,0,0,0,0,0,0,0,0,8,1,9,5,1,6
08/29/2025,8,0,8,4,0,4,0,0,0,0,0,0,0,0,0,0,0,0,8,0,8,4,0,4
08/30/2025,1,0,1,1,0,1,0,0,0,0,0,0,0,0,0,0,0,0,1,0,1,1,0,1
08/31/2025,0,1,1,0,1,1,0,0,0,0,0,0,0,0,0,0,0,0,0,1,1,0,1,1
09/01/2025,5,0,5,2,0,2,0,0,0,0,0,0,0,0,0,0,0,0,5,2,7,2,2,4
09/02/2025,3,0,3,3,0,3,0,0,0,0,0,0,0,0,0,0,0,0,4,0,4,3,0,3
09/03/2025,13,0,13,10,0,10,0,0,0,0,0,0,0,0,0,0,0,0,13,0,13,10,0,10
09/04/2025,11,1,12,6,1,7,0,0,0,0,0,0,0,0,0,0,0,0,11,2,13,6,2,8
09/05/2025,2,3,5,2,1,3,0,0,0,0,0,0,0,0,0,0,0,0,3,3,6,2,1,3
09/06/2025,0,2,2,0,1,1,0,0,0,0,0,0,0,0,0,0,0,0,0,3,3,0,1,1
09/07/2025,0,0,0,0,0,0,0,0,0,0,0,0,0,0,0,0,0,0,0,0,0,0,0,0
09/08/2025,6,4,10,4,3,7,0,0,0,0,0,0,0,0,0,0,0,0,6,8,14,4,5,9
09/09/2025,2,3,5,2,1,3,0,0,0,0,0,0,0,0,0,0,0,0,2,5,7,2,2,4
09/10/2025,18,0,18,4,0,4,0,0,0,0,0,0,0,0,0,0,0,0,18,0,18,4,0,4
09/11/2025,3,0,3,3,0,3,0,0,0,0,0,0,0,0,0,0,0,0,4,1,5,3,1,4
09/12/2025,7,0,7,3,0,3,0,0,0,0,0,0,0,0,0,0,0,0,8,2,10,3,1,4
09/13/2025,2,0,2,2,0,2,0,0,0,0,0,0,0,0,0,0,0,0,3,0,3,2,0,2
09/14/2025,0,3,3,0,1,1,0,0,0,0,0,0,0,0,0,0,0,0,0,3,3,0,1,1
09/15/2025,9,1,10,6,1,7,0,0,0,0,0,0,0,0,0,0,0,0,10,1,11,6,1,7
09/16/2025,16,0,16,8,0,8,0,0,0,0,0,0,0,0,0,0,0,0,16,4,20,8,2,10
09/17/2025,7,1,8,2,1,3,0,0,0,0,0,0,0,0,0,0,0,0,7,1,8,2,1,3
09/18/2025,15,2,17,7,1,8,0,0,0,0,0,0,0,0,0,0,0,0,18,2,20,7,1,8
09/19/2025,12,0,12,3,0,3,0,0,0,0,0,0,0,0,0,0,0,0,12,0,12,3,0,3
09/20/2025,2,0,2,1,0,1,0,0,0,0,0,0,0,0,0,0,0,0,2,0,2,1,0,1
09/21/2025,1,0,1,1,0,1,0,0,0,0,0,0,0,0,0,0,0,0,1,3,4,1,1,2
09/22/2025,41,0,41,4,0,4,0,0,0,0,0,0,0,0,0,0,0,0,42,0,42,4,0,4
09/23/2025,6,4,10,4,1,5,0,0,0,0,0,0,0,0,0,0,0,0,6,5,11,4,1,5
09/24/2025,8,0,8,7,0,7,0,0,0,0,0,0,0,0,0,0,0,0,8,0,8,7,0,7
09/25/2025,17,0,17,5,0,5,0,0,0,0,0,0,0,0,0,0,0,0,17,1,18,5,1,6
09/26/2025,12,0,12,5,0,5,0,0,0,0,0,0,0,0,0,0,0,0,13,0,13,5,0,5
09/27/2025,0,0,0,0,0,0,0,0,0,0,0,0,0,0,0,0,0,0,0,0,0,0,0,0
09/28/2025,1,2,3,1,2,3,0,0,0,0,0,0,0,0,0,0,0,0,1,2,3,1,2,3
09/29/2025,12,0,12,4,0,4,0,0,0,0,0,0,0,0,0,0,0,0,13,1,14,5,1,6
09/30/2025,13,1,14,5,1,6,0,0,0,0,0,0,0,0,0,0,0,0,14,1,15,5,1,6
10/01/2025,28,21,49,19,13,32,0,0,0,0,0,0,0,0,0,0,0,0,28,23,51,19,14,33
10/02/2025,27,35,62,17,30,47,0,0,0,0,0,0,0,0,0,0,0,0,28,42,70,17,30,47
10/03/2025,10,12,22,7,7,14,0,0,0,0,0,0,0,0,0,0,0,0,10,15,25,7,7,14
10/04/2025,7,3,10,2,3,5,0,0,0,0,0,0,0,0,0,0,0,0,7,3,10,2,3,5
10/05/2025,4,1,5,3,1,4,0,0,0,0,0,0,0,0,0,0,0,0,4,2,6,3,1,4
10/06/2025,11,11,22,6,8,14,0,0,0,0,0,0,0,0,0,0,0,0,12,14,26,6,9,15
10/07/2025,24,4,28,9,3,12,0,0,0,0,0,0,0,0,0,0,0,0,24,7,31,9,4,13
10/08/2025,11,7,18,7,5,12,0,0,0,0,0,0,0,0,0,0,0,0,11,9,20,7,5,12
10/09/2025,17,3,20,11,3,14,0,0,0,0,0,0,0,0,0,0,0,0,17,5,22,11,3,14
10/10/2025,13,2,15,8,2,10,0,0,0,0,0,0,0,0,0,0,0,0,14,7,21,8,3,11
10/11/2025,0,1,1,0,1,1,0,0,0,0,0,0,0,0,0,0,0,0,0,2,2,0,2,2
10/12/2025,0,1,1,0,1,1,0,0,0,0,0,0,0,0,0,0,0,0,0,2,2,0,1,1
10/13/2025,9,5,14,4,4,8,0,0,0,0,0,0,0,0,0,0,0,0,10,7,17,4,5,9
10/14/2025,25,7,32,12,4,16,0,0,0,0,0,0,0,0,0,0,0,0,25,21,46,12,9,21
10/15/2025,16,1,17,11,1,12,0,0,0,0,0,0,0,0,0,0,0,0,16,9,25,11,5,16
10/16/2025,14,0,14,8,0,8,0,0,0,0,0,0,0,0,0,0,0,0,14,4,18,8,3,11
10/17/2025,19,3,22,7,3,10,0,0,0,0,0,0,0,0,0,0,0,0,19,6,25,7,5,12
10/18/2025,8,4,12,3,3,6,0,0,0,0,0,0,0,0,0,0,0,0,8,4,12,3,3,6
10/19/2025,2,3,5,2,3,5,0,0,0,0,0,0,0,0,0,0,0,0,2,5,7,2,3,5
10/20/2025,15,2,17,10,2,12,0,0,0,0,0,0,0,0,0,0,0,0,18,5,23,10,3,13
10/21/2025,14,4,18,8,3,11,0,0,0,0,0,0,0,0,0,0,0,0,14,9,23,8,5,13
10/22/2025,15,6,21,9,3,12,0,0,0,0,0,0,0,0,0,0,0,0,15,9,24,9,5,14
10/23/2025,8,7,15,6,6,12,0,0,0,0,0,0,0,0,0,0,0,0,8,17,25,6,14,20
10/24/2025,16,4,20,6,4,10,0,0,0,0,0,0,0,0,0,0,0,0,16,19,35,6,11,17
10/25/2025,7,0,7,2,0,2,0,0,0,0,0,0,0,0,0,0,0,0,7,3,10,2,2,4
10/26/2025,0,0,0,0,0,0,0,0,0,0,0,0,0,0,0,0,0,0,0,0,0,0,0,0
10/27/2025,15,1,16,8,1,9,0,0,0,0,0,0,0,0,0,0,0,0,16,1,17,8,1,9
10/28/2025,36,5,41,12,5,17,0,0,0,0,0,0,0,0,0,0,0,0,37,10,47,12,7,19
10/29/2025,42,7,49,18,6,24,0,0,0,0,0,0,0,0,0,0,0,0,45,14,59,18,8,26
10/30/2025,38,5,43,11,5,16,0,0,0,0,0,0,0,0,0,0,0,0,39,12,51,11,7,18
10/31/2025,3,3,6,3,3,6,0,0,0,0,0,0,0,0,0,0,0,0,3,16,19,3,9,12
11/01/2025,2,1,3,2,1,3,0,0,0,0,0,0,0,0,0,0,0,0,2,5,7,2,3,5
11/02/2025,4,3,7,3,2,5,0,0,0,0,0,0,0,0,0,0,0,0,4,10,14,3,4,7
11/03/2025,55,1,56,8,1,9,0,0,0,0,0,0,0,0,0,0,0,0,56,1,57,8,1,9
11/04/2025,18,1,19,4,1,5,0,0,0,0,0,0,0,0,0,0,0,0,19,2,21,4,1,5
11/05/2025,11,10,21,8,5,13,0,0,0,0,0,0,0,0,0,0,0,0,13,17,30,8,7,15
11/06/2025,11,6,17,8,5,13,0,0,0,0,0,0,0,0,0,0,0,0,11,17,28,8,12,20
11/07/2025,6,6,12,3,5,7,0,0,0,0,0,0,0,0,0,0,0,0,6,10,16,3,8,10
11/08/2025,0,0,0,0,0,0,0,0,0,0,0,0,0,0,0,0,0,0,0,2,2,0,1,1
11/09/2025,3,0,3,2,0,2,0,0,0,0,0,0,0,0,0,0,0,0,3,0,3,2,0,2
11/10/2025,13,1,14,8,1,9,0,0,0,0,0,0,0,0,0,0,0,0,13,1,14,8,1,9
11/11/2025,34,0,34,8,0,8,0,0,0,0,0,0,0,0,0,0,0,0,34,2,36,8,2,10
11/12/2025,20,5,25,8,5,13,0,0,0,0,0,0,0,0,0,0,0,0,20,7,27,8,7,15
11/13/2025,20,23,43,11,19,30,0,0,0,0,0,0,0,0,0,0,0,0,21,29,50,11,21,32
11/14/2025,18,5,23,4,4,8,0,0,0,0,0,0,0,0,0,0,0,0,18,9,27,4,7,11
11/15/2025,2,1,3,2,1,3,0,0,0,0,0,0,0,0,0,0,0,0,2,2,4,2,1,3
11/16/2025,0,1,1,0,1,1,0,0,0,0,0,0,0,0,0,0,0,0,0,1,1,0,1,1
11/17/2025,4,4,8,3,3,6,0,0,0,0,0,0,0,0,0,0,0,0,4,7,11,3,5,8
11/18/2025,31,0,31,6,0,6,0,0,0,0,0,0,0,0,0,0,0,0,33,0,33,6,0,6
11/19/2025,7,3,10,4,2,6,0,0,0,0,0,0,0,0,0,0,0,0,9,3,12,5,2,7
11/20/2025,39,6,45,11,4,15,0,0,0,0,0,0,0,0,0,0,0,0,40,9,49,11,5,15
11/21/2025,4,1,5,4,1,5,0,0,0,0,0,0,0,0,0,0,0,0,4,3,7,4,1,5
11/22/2025,0,0,0,0,0,0,0,0,0,0,0,0,0,0,0,0,0,0,0,2,2,0,2,2
11/23/2025,0,3,3,0,2,2,0,0,0,0,0,0,0,0,0,0,0,0,0,5,5,0,3,3
11/24/2025,8,1,9,2,1,3,0,0,0,0,0,0,0,0,0,0,0,0,8,1,9,2,1,3
11/25/2025,6,1,7,6,1,7,0,0,0,0,0,0,0,0,0,0,0,0,7,1,8,6,1,7
11/26/2025,3,2,5,3,1,4,0,0,0,0,0,0,0,0,0,0,0,0,3,2,5,3,1,4
11/27/2025,9,0,9,4,0,4,0,0,0,0,0,0,0,0,0,0,0,0,10,2,12,4,2,6
11/28/2025,8,0,8,2,0,2,0,0,0,0,0,0,0,0,0,0,0,0,8,0,8,2,0,2
11/29/2025,0,1,1,0,1,1,0,0,0,0,0,0,0,0,0,0,0,0,0,2,2,0,1,1
11/30/2025,0,0,0,0,0,0,0,0,0,0,0,0,0,0,0,0,0,0,0,0,0,0,0,0
12/01/2025,6,2,8,3,2,5,0,0,0,0,0,0,0,0,0,0,0,0,6,3,9,3,2,5
12/02/2025,13,1,14,4,1,5,0,0,0,0,0,0,0,0,0,0,0,0,13,9,22,4,3,7
12/03/2025,10,1,11,6,1,7,0,0,0,0,0,0,0,0,0,0,0,0,11,1,12,6,1,7
12/04/2025,46,0,46,16,0,16,0,0,0,0,0,0,0,0,0,0,0,0,46,0,46,16,0,16
12/05/2025,12,3,15,8,2,10,0,0,0,0,0,0,0,0,0,0,0,0,13,4,17,8,3,11
12/06/2025,0,0,0,0,0,0,0,0,0,0,0,0,0,0,0,0,0,0,0,1,1,0,1,1
12/07/2025,1,2,3,1,2,3,0,0,0,0,0,0,0,0,0,0,0,0,1,3,4,1,2,3
12/08/2025,13,4,17,7,2,9,0,0,0,0,0,0,0,0,0,0,0,0,13,4,17,7,2,9
12/09/2025,25,2,27,6,2,7,0,0,0,0,0,0,0,0,0,0,0,0,26,3,29,6,3,8
12/10/2025,36,2,38,13,2,15,0,0,0,0,0,0,0,0,0,0,0,0,38,3,41,13,3,16
12/11/2025,14,1,15,6,1,7,0,0,0,0,0,0,0,0,0,0,0,0,15,1,16,6,1,7
12/12/2025,12,0,12,5,0,5,0,0,0,0,0,0,0,0,0,0,0,0,12,0,12,5,0,5
12/13/2025,1,5,6,1,1,2,0,0,0,0,0,0,0,0,0,0,0,0,1,7,8,1,1,2
12/14/2025,0,0,0,0,0,0,0,0,0,0,0,0,0,0,0,0,0,0,0,0,0,0,0,0
12/15/2025,15,1,16,7,1,8,0,0,0,0,0,0,0,0,0,0,0,0,16,3,19,7,2,9
12/16/2025,23,1,24,9,1,10,0,0,0,0,0,0,0,0,0,0,0,0,23,3,26,9,2,11
12/17/2025,29,0,29,6,0,6,0,0,0,0,0,0,0,0,0,0,0,0,29,1,30,6,1,6
12/18/2025,68,0,68,10,0,10,0,0,0,0,0,0,0,0,0,0,0,0,72,4,76,10,2,11
12/19/2025,10,2,12,5,2,6,0,0,0,0,0,0,0,0,0,0,0,0,10,8,18,5,5,9
12/20/2025,3,4,7,1,4,5,0,0,0,0,0,0,0,0,0,0,0,0,3,9,12,1,5,6
12/21/2025,0,0,0,0,0,0,0,0,0,0,0,0,0,0,0,0,0,0,0,0,0,0,0,0
12/22/2025,19,0,19,7,0,7,0,0,0,0,0,0,0,0,0,0,0,0,20,2,22,7,2,9
12/23/2025,3,1,4,1,1,2,0,0,0,0,0,0,0,0,0,0,0,0,3,1,4,1,1,2
12/24/2025,5,0,5,3,0,3,0,0,0,0,0,0,0,0,0,0,0,0,5,0,5,3,0,3
12/25/2025,0,0,0,0,0,0,0,0,0,0,0,0,0,0,0,0,0,0,0,0,0,0,0,0
12/26/2025,0,0,0,0,0,0,0,0,0,0,0,0,0,0,0,0,0,0,0,0,0,0,0,0
12/27/2025,0,1,1,0,1,1,0,0,0,0,0,0,0,0,0,0,0,0,0,1,1,0,1,1
12/28/2025,0,0,0,0,0,0,0,0,0,0,0,0,0,0,0,0,0,0,0,0,0,0,0,0
12/29/2025,5,0,5,3,0,3,0,0,0,0,0,0,0,0,0,0,0,0,5,0,5,3,0,3
12/30/2025,3,0,3,3,0,3,0,0,0,0,0,0,0,0,0,0,0,0,3,0,3,3,0,3
12/31/2025,0,0,0,0,0,0,0,0,0,0,0,0,0,0,0,0,0,0,0,0,0,0,0,0
01/01/2026,0,1,1,0,1,1,0,0,0,0,0,0,0,0,0,0,0,0,0,3,3,0,2,2
01/02/2026,6,0,6,6,0,6,0,0,0,0,0,0,0,0,0,0,0,0,7,0,7,6,0,6
01/03/2026,3,0,3,1,0,1,0,0,0,0,0,0,0,0,0,0,0,0,3,0,3,1,0,1
01/04/2026,1,0,1,1,0,1,0,0,0,0,0,0,0,0,0,0,0,0,1,0,1,1,0,1
01/05/2026,10,1,11,6,1,7,0,0,0,0,0,0,0,0,0,0,0,0,10,1,11,6,1,7
01/06/2026,27,0,27,6,0,6,0,0,0,0,0,0,0,0,0,0,0,0,27,0,27,6,0,6
01/07/2026,13,1,14,7,1,8,0,0,0,0,0,0,0,0,0,0,0,0,13,1,14,7,1,8
01/08/2026,28,0,28,12,0,12,0,0,0,0,0,0,0,0,0,0,0,0,28,6,34,12,3,15
01/09/2026,25,2,27,17,2,19,0,0,0,0,0,0,0,0,0,0,0,0,26,7,33,17,4,20
01/10/2026,8,0,8,5,0,5,0,0,0,0,0,0,0,0,0,0,0,0,8,2,10,5,2,7
01/11/2026,1,0,1,1,0,1,0,0,0,0,0,0,0,0,0,0,0,0,1,2,3,1,1,2
01/12/2026,46,1,47,14,1,15,0,0,0,0,0,0,0,0,0,0,0,0,47,2,49,14,1,15
01/13/2026,39,3,42,11,3,14,0,0,0,0,0,0,0,0,0,0,0,0,39,7,46,11,4,15
01/14/2026,29,1,30,7,1,8,0,0,0,0,0,0,0,0,0,0,0,0,29,4,33,7,2,9
01/15/2026,32,2,34,12,2,14,0,0,0,0,0,0,0,0,0,0,0,0,36,2,38,12,2,14
01/16/2026,22,0,22,9,0,9,0,0,0,0,0,0,0,0,0,0,0,0,22,1,23,9,1,10
01/17/2026,8,0,8,2,0,2,0,0,0,0,0,0,0,0,0,0,0,0,8,0,8,2,0,2
01/18/2026,0,0,0,0,0,0,0,0,0,0,0,0,0,0,0,0,0,0,0,0,0,0,0,0
01/19/2026,14,0,14,5,0,5,0,0,0,0,0,0,0,0,0,0,0,0,14,1,15,5,1,6
01/20/2026,5,0,5,4,0,4,0,0,0,0,0,0,0,0,0,0,0,0,6,0,6,4,0,4
01/21/2026,16,0,16,8,0,8,0,0,0,0,0,0,0,0,0,0,0,0,16,0,16,8,0,8
01/22/2026,25,2,27,10,2,12,0,0,0,0,0,0,0,0,0,0,0,0,28,5,33,10,2,12
01/23/2026,17,1,18,5,1,5,0,0,0,0,0,0,0,0,0,0,0,0,17,1,18,5,1,5
01/24/2026,2,1,3,2,1,3,0,0,0,0,0,0,0,0,0,0,0,0,2,2,4,2,1,3
01/25/2026,0,0,0,0,0,0,0,0,0,0,0,0,0,0,0,0,0,0,0,0,0,0,0,0
01/26/2026,12,0,12,6,0,6,0,0,0,0,0,0,0,0,0,0,0,0,12,0,12,6,0,6
01/27/2026,10,1,11,5,1,6,0,0,0,0,0,0,0,0,0,0,0,0,12,3,15,5,2,7
01/28/2026,2,0,2,2,0,2,0,0,0,0,0,0,0,0,0,0,0,0,2,0,2,2,0,2
01/29/2026,7,1,8,5,1,6,0,0,0,0,0,0,0,0,0,0,0,0,7,1,8,5,1,6
01/30/2026,15,1,16,6,1,7,0,0,0,0,0,0,0,0,0,0,0,0,15,5,20,6,2,8
01/31/2026,0,1,1,0,1,1,0,0,0,0,0,0,0,0,0,0,0,0,0,1,1,0,1,1
02/01/2026,2,0,2,1,0,1,0,0,0,0,0,0,0,0,0,0,0,0,2,0,2,1,0,1
02/02/2026,4,1,5,3,1,4,0,0,0,0,0,0,0,0,0,0,0,0,5,4,9,3,2,5
02/03/2026,14,0,14,7,0,7,0,0,0,0,0,0,0,0,0,0,0,0,17,0,17,7,0,7
02/04/2026,11,1,12,8,1,9,0,0,0,0,0,0,0,0,0,0,0,0,11,1,12,8,1,9
02/05/2026,18,0,18,6,0,6,0,0,0,0,0,0,0,0,0,0,0,0,18,0,18,6,0,6
02/06/2026,3,0,3,1,0,1,0,0,0,0,0,0,0,0,0,0,0,0,3,0,3,1,0,1
02/07/2026,2,0,2,1,0,1,0,0,0,0,0,0,0,0,0,0,0,0,3,0,3,1,0,1
02/08/2026,0,0,0,0,0,0,0,0,0,0,0,0,0,0,0,0,0,0,0,1,1,0,1,1
02/09/2026,3,0,3,1,0,1,0,0,0,0,0,0,0,0,0,0,0,0,3,0,3,1,0,1
02/10/2026,9,2,11,6,2,8,0,0,0,0,0,0,0,0,0,0,0,0,11,3,14,6,2,8
02/11/2026,18,1,19,6,1,7,0,0,0,0,0,0,0,0,0,0,0,0,18,2,20,6,1,7
02/12/2026,0,1,1,0,1,1,0,0,0,0,0,0,0,0,0,0,0,0,0,4,4,0,1,1
02/13/2026,14,0,14,4,0,4,0,0,0,0,0,0,0,0,0,0,0,0,16,2,18,4,1,5
02/14/2026,0,0,0,0,0,0,0,0,0,0,0,0,0,0,0,0,0,0,0,1,1,0,1,1
02/15/2026,0,0,0,0,0,0,0,0,0,0,0,0,0,0,0,0,0,0,0,0,0,0,0,0
02/16/2026,9,0,9,6,0,6,0,0,0,0,0,0,0,0,0,0,0,0,11,0,11,6,0,6
02/17/2026,18,1,19,10,1,11,0,0,0,0,0,0,0,0,0,0,0,0,19,1,20,10,1,11
02/18/2026,10,0,10,5,0,5,0,0,0,0,0,0,0,0,0,0,0,0,12,0,12,5,0,5
02/19/2026,15,0,15,8,0,8,0,0,0,0,0,0,0,0,0,0,0,0,15,0,15,8,0,8
02/20/2026,2,0,2,2,0,2,0,0,0,0,0,0,0,0,0,0,0,0,2,0,2,2,0,2
02/21/2026,1,1,2,1,1,2,0,0,0,0,0,0,0,0,0,0,0,0,1,2,3,1,1,2
02/22/2026,0,0,0,0,0,0,0,0,0,0,0,0,0,0,0,0,0,0,0,0,0,0,0,0
02/23/2026,7,0,7,3,0,3,0,0,0,0,0,0,0,0,0,0,0,0,7,0,7,3,0,3
02/24/2026,6,3,9,4,1,5,0,0,0,0,0,0,0,0,0,0,0,0,6,5,11,4,1,5
02/25/2026,3,0,3,3,0,3,0,0,0,0,0,0,0,0,0,0,0,0,3,0,3,3,0,3
02/26/2026,10,0,10,7,0,7,0,0,0,0,0,0,0,0,0,0,0,0,11,2,13,7,1,8
02/27/2026,1,0,1,1,0,1,0,0,0,0,0,0,0,0,0,0,0,0,1,0,1,1,0,1
02/28/2026,1,0,1,1,0,1,0,0,0,0,0,0,0,0,0,0,0,0,1,0,1,1,0,1
03/01/2026,0,0,0,0,0,0,0,0,0,0,0,0,0,0,0,0,0,0,0,0,0,0,0,0
03/02/2026,7,0,7,5,0,5,0,0,0,0,0,0,0,0,0,0,0,0,7,0,7,5,0,5
03/03/2026,7,0,7,4,0,4,0,0,0,0,0,0,0,0,0,0,0,0,7,0,7,4,0,4
03/04/2026,19,0,19,9,0,9,0,0,0,0,0,0,0,0,0,0,0,0,19,2,21,9,1,10
03/05/2026,25,3,28,10,2,12,0,0,0,0,0,0,0,0,0,0,0,0,25,8,33,10,3,13
03/06/2026,6,2,8,4,1,5,0,0,0,0,0,0,0,0,0,0,0,0,6,3,9,4,1,5
03/07/2026,1,0,1,1,0,1,0,0,0,0,0,0,0,0,0,0,0,0,1,0,1,1,0,1
03/08/2026,4,1,5,1,1,2,0,0,0,0,0,0,0,0,0,0,0,0,4,1,5,1,1,2
03/09/2026,11,5,16,8,2,10,0,0,0,0,0,0,0,0,0,0,0,0,11,5,16,8,2,10
03/10/2026,15,3,18,6,2,8,0,0,0,0,0,0,0,0,0,0,0,0,15,4,19,6,2,8
03/11/2026,13,0,13,4,0,4,0,0,0,0,0,0,0,0,0,0,0,0,14,0,14,4,0,4
03/12/2026,12,0,12,9,0,9,0,0,0,0,0,0,0,0,0,0,0,0,12,0,12,9,0,9
03/13/2026,8,0,8,6,0,6,0,0,0,0,0,0,0,0,0,0,0,0,9,0,9,6,0,6
03/14/2026,0,1,1,0,1,1,0,0,0,0,0,0,0,0,0,0,0,0,0,1,1,0,1,1
03/15/2026,0,0,0,0,0,0,0,0,0,0,0,0,0,0,0,0,0,0,0,0,0,0,0,0
03/16/2026,7,1,8,5,1,6,0,0,0,0,0,0,0,0,0,0,0,0,8,1,9,5,1,6
03/17/2026,2,0,2,2,0,2,0,0,0,0,0,0,0,0,0,0,0,0,2,0,2,2,0,2
03/18/2026,1,0,1,1,0,1,0,0,0,0,0,0,0,0,0,0,0,0,1,1,2,1,1,2
03/19/2026,19,6,25,5,2,7,0,0,0,0,0,0,0,0,0,0,0,0,20,9,29,5,3,8
03/20/2026,4,1,5,2,1,3,0,0,0,0,0,0,0,0,0,0,0,0,4,1,5,2,1,3
03/21/2026,3,0,3,2,0,2,0,0,0,0,0,0,0,0,0,0,0,0,3,0,3,2,0,2
03/22/2026,1,0,1,1,0,1,0,0,0,0,0,0,0,0,0,0,0,0,1,0,1,1,0,1
03/23/2026,17,0,17,5,0,5,0,0,0,0,0,0,0,0,0,0,0,0,17,0,17,5,0,5
03/24/2026,4,0,4,3,0,3,0,0,0,0,0,0,0,0,0,0,0,0,4,0,4,3,0,3
03/25/2026,0,0,0,0,0,0,0,0,0,0,0,0,0,0,0,0,0,0,0,0,0,0,0,0
03/26/2026,2,0,2,2,0,2,0,0,0,0,0,0,0,0,0,0,0,0,2,0,2,2,0,2
03/27/2026,12,2,14,6,1,7,0,0,0,0,0,0,0,0,0,0,0,0,13,2,15,6,1,7
03/28/2026,0,5,5,0,2,2,0,0,0,0,0,0,0,0,0,0,0,0,0,7,7,0,2,2
03/29/2026,0,0,0,0,0,0,0,0,0,0,0,0,0,0,0,0,0,0,0,0,0,0,0,0
03/30/2026,16,1,17,8,1,9,0,0,0,0,0,0,0,0,0,0,0,0,18,5,23,8,2,10
03/31/2026,6,2,8,5,1,6,0,0,0,0,0,0,0,0,0,0,0,0,6,3,9,5,2,7
04/01/2026,13,1,14,7,1,8,0,0,0,0,0,0,0,0,0,0,0,0,14,1,15,7,1,8
04/02/2026,54,1,55,17,1,18,0,0,0,0,0,0,0,0,0,0,0,0,54,3,57,17,2,18
04/03/2026,1,2,3,1,2,3,0,0,0,0,0,0,0,0,0,0,0,0,1,2,3,1,2,3
04/04/2026,0,0,0,0,0,0,0,0,0,0,0,0,0,0,0,0,0,0,0,0,0,0,0,0
04/05/2026,0,0,0,0,0,0,0,0,0,0,0,0,0,0,0,0,0,0,0,0,0,0,0,0
04/06/2026,2,0,2,2,0,2,0,0,0,0,0,0,0,0,0,0,0,0,2,0,2,2,0,2
04/07/2026,18,0,18,8,0,8,0,0,0,0,0,0,0,0,0,0,0,0,19,0,19,8,0,8
04/08/2026,6,0,6,4,0,4,0,0,0,0,0,0,0,0,0,0,0,0,7,0,7,4,0,4
04/09/2026,18,0,18,5,0,5,0,0,0,0,0,0,0,0,0,0,0,0,19,0,19,5,0,5
04/10/2026,13,0,13,3,0,3,0,0,0,0,0,0,0,0,0,0,0,0,13,4,17,3,2,5
04/11/2026,2,0,2,2,0,2,0,0,0,0,0,0,0,0,0,0,0,0,2,0,2,2,0,2
04/12/2026,0,0,0,0,0,0,0,0,0,0,0,0,0,0,0,0,0,0,0,0,0,0,0,0
04/13/2026,4,3,7,4,2,6,0,0,0,0,0,0,0,0,0,0,0,0,4,6,10,4,3,7
04/14/2026,10,1,11,5,1,6,0,0,0,0,0,0,0,0,0,0,0,0,10,1,11,5,1,6
04/15/2026,9,6,15,6,3,9,0,0,0,0,0,0,0,0,0,0,0,0,9,9,18,6,5,11
04/16/2026,2,2,4,2,2,4,0,0,0,0,0,0,0,0,0,0,0,0,2,2,4,2,2,4
04/17/2026,11,2,13,7,1,8,0,0,0,0,0,0,0,0,0,0,0,0,12,3,15,7,2,9
04/18/2026,4,4,8,3,3,6,0,0,0,0,0,0,0,0,0,0,0,0,5,5,10,3,3,6
04/19/2026,4,0,4,2,0,2,0,0,0,0,0,0,0,0,0,0,0,0,5,2,7,3,1,4
04/20/2026,8,1,9,5,1,6,0,0,0,0,0,0,0,0,0,0,0,0,9,1,10,5,1,6
04/21/2026,2,0,2,1,0,1,0,0,0,0,0,0,0,0,0,0,0,0,2,1,3,1,1,2
04/22/2026,11,4,15,4,2,6,0,0,0,0,0,0,0,0,0,0,0,0,11,7,18,4,3,7
04/23/2026,5,1,6,3,1,4,0,0,0,0,0,0,0,0,0,0,0,0,5,3,8,3,2,5
04/24/2026,6,0,6,5,0,5,0,0,0,0,0,0,0,0,0,0,0,0,6,1,7,5,1,6
04/25/2026,1,2,3,1,1,2,0,0,0,0,0,0,0,0,0,0,0,0,1,2,3,1,1,2
04/26/2026,0,1,1,0,1,1,0,0,0,0,0,0,0,0,0,0,0,0,0,1,1,0,1,1
04/27/2026,10,0,10,2,0,2,0,0,0,0,0,0,0,0,0,0,0,0,11,0,11,2,0,2
04/28/2026,2,0,2,1,0,1,0,0,0,0,0,0,0,0,0,0,0,0,2,0,2,1,0,1
04/29/2026,9,1,10,3,1,4,0,0,0,0,0,0,0,0,0,0,0,0,9,1,10,3,1,4
04/30/2026,6,1,7,6,1,7,0,0,0,0,0,0,0,0,0,0,0,0,6,1,7,6,1,7
05/01/2026,5,0,5,3,0,3,0,0,0,0,0,0,0,0,0,0,0,0,5,0,5,3,0,3
05/02/2026,0,0,0,0,0,0,0,0,0,0,0,0,0,0,0,0,0,0,0,0,0,0,0,0
05/03/2026,0,1,1,0,1,1,0,0,0,0,0,0,0,0,0,0,0,0,0,1,1,0,1,1
05/04/2026,0,0,0,0,0,0,0,0,0,0,0,0,0,0,0,0,0,0,0,0,0,0,0,0
05/05/2026,7,0,7,4,0,4,0,0,0,0,0,0,0,0,0,0,0,0,7,0,7,4,0,4
05/06/2026,4,2,6,4,1,5,0,0,0,0,0,0,0,0,0,0,0,0,4,4,8,4,2,6
05/07/2026,2,1,3,2,1,3,0,0,0,0,0,0,0,0,0,0,0,0,3,1,4,2,1,3
05/08/2026,4,1,5,4,1,5,0,0,0,0,0,0,0,0,0,0,0,0,4,1,5,4,1,5
05/09/2026,0,2,2,0,2,2,0,0,0,0,0,0,0,0,0,0,0,0,0,4,4,0,3,3
05/10/2026,1,0,1,1,0,1,0,0,0,0,0,0,0,0,0,0,0,0,1,0,1,1,0,1
05/11/2026,0,0,0,0,0,0,0,0,0,0,0,0,0,0,0,0,0,0,0,0,0,0,0,0
05/12/2026,14,1,15,7,1,8,0,0,0,0,0,0,0,0,0,0,0,0,15,1,16,7,1,8
05/13/2026,3,1,4,2,1,3,0,0,0,0,0,0,0,0,0,0,0,0,3,2,5,2,2,4
05/14/2026,1,0,1,1,0,1,0,0,0,0,0,0,0,0,0,0,0,0,2,0,2,1,0,1
05/15/2026,3,0,3,2,0,2,0,0,0,0,0,0,0,0,0,0,0,0,3,0,3,2,0,2
05/16/2026,0,2,2,0,1,1,0,0,0,0,0,0,0,0,0,0,0,0,0,2,2,0,1,1
05/17/2026,0,0,0,0,0,0,0,0,0,0,0,0,0,0,0,0,0,0,0,0,0,0,0,0
05/18/2026,10,3,13,5,1,6,0,0,0,0,0,0,0,0,0,0,0,0,13,7,20,5,2,7
05/19/2026,10,4,14,4,2,6,0,0,0,0,0,0,0,0,0,0,0,0,10,5,15,4,3,7
05/20/2026,15,5,20,7,2,9,0,0,0,0,0,0,0,0,0,0,0,0,17,5,22,7,2,9
05/21/2026,5,0,5,4,0,4,0,0,0,0,0,0,0,0,0,0,0,0,6,0,6,4,0,4
05/22/2026,10,2,12,7,1,8,0,0,0,0,0,0,0,0,0,0,0,0,12,6,18,7,2,9
05/23/2026,0,3,3,0,2,2,0,0,0,0,0,0,0,0,0,0,0,0,0,7,7,0,3,3
05/24/2026,2,2,4,2,1,3,0,0,0,0,0,0,0,0,0,0,0,0,2,3,5,2,2,4
05/25/2026,0,0,0,0,0,0,0,0,0,0,0,0,0,0,0,0,0,0,0,1,1,0,1,1
05/26/2026,4,6,10,3,1,4,0,0,0,0,0,0,0,0,0,0,0,0,4,15,19,3,1,4
05/27/2026,17,1,18,7,1,8,0,0,0,0,0,0,0,0,0,0,0,0,18,1,19,7,1,8
05/28/2026,5,0,5,4,0,4,0,0,0,0,0,0,0,0,0,0,0,0,5,0,5,4,0,4
05/29/2026,9,2,11,5,1,6,0,0,0,0,0,0,0,0,0,0,0,0,9,4,13,5,1,6
05/30/2026,0,2,2,0,2,2,0,0,0,0,0,0,0,0,0,0,0,0,0,3,3,0,2,2
05/31/2026,0,0,0,0,0,0,0,0,0,0,0,0,0,0,0,0,0,0,0,0,0,0,0,0
06/01/2026,12,1,13,7,1,8,0,0,0,0,0,0,0,0,0,0,0,0,12,1,13,7,1,8
06/02/2026,3,0,3,3,0,3,0,0,0,0,0,0,0,0,0,0,0,0,4,0,4,3,0,3
06/03/2026,6,2,8,6,1,7,0,0,0,0,0,0,0,0,0,0,0,0,6,2,8,6,1,7
06/04/2026,10,1,11,7,1,8,0,0,0,0,0,0,0,0,0,0,0,0,12,1,13,7,1,8
06/05/2026,5,1,6,2,1,3,0,0,0,0,0,0,0,0,0,0,0,0,6,2,8,2,2,4
06/06/2026,1,0,1,1,0,1,0,0,0,0,0,0,0,0,0,0,0,0,1,0,1,1,0,1
06/07/2026,0,0,0,0,0,0,0,0,0,0,0,0,0,0,0,0,0,0,0,0,0,0,0,0
06/08/2026,5,0,5,4,0,4,0,0,0,0,0,0,0,0,0,0,0,0,5,0,5,4,0,4
06/09/2026,5,4,9,4,3,7,0,0,0,0,0,0,0,0,0,0,0,0,5,7,12,4,6,10
06/10/2026,12,1,13,5,1,6,0,0,0,0,0,0,0,0,0,0,0,0,15,2,17,5,2,7
06/11/2026,5,1,6,4,1,5,0,0,0,0,0,0,0,0,0,0,0,0,5,7,12,4,3,7
06/12/2026,4,0,4,4,0,4,0,0,0,0,0,0,0,0,0,0,0,0,4,1,5,4,1,5
06/13/2026,0,0,0,0,0,0,0,0,0,0,0,0,0,0,0,0,0,0,0,0,0,0,0,0
06/14/2026,1,0,1,1,0,1,0,0,0,0,0,0,0,0,0,0,0,0,1,0,1,1,0,1
06/15/2026,2,0,2,2,0,2,0,0,0,0,0,0,0,0,0,0,0,0,2,0,2,2,0,2
06/16/2026,1,0,1,1,0,1,0,0,0,0,0,0,0,0,0,0,0,0,1,1,2,1,1,2
06/17/2026,12,3,15,5,2,7,0,0,0,0,0,0,0,0,0,0,0,0,12,4,16,5,2,7
06/18/2026,1,2,3,1,2,3,0,0,0,0,0,0,0,0,0,0,0,0,1,3,4,1,2,3
06/19/2026,4,2,6,2,1,3,0,0,0,0,0,0,0,0,0,0,0,0,4,3,7,2,1,3
06/20/2026,10,0,10,3,0,3,0,0,0,0,0,0,0,0,0,0,0,0,10,0,10,3,0,3
06/21/2026,0,0,0,0,0,0,0,0,0,0,0,0,0,0,0,0,0,0,0,0,0,0,0,0
06/22/2026,7,0,7,4,0,4,0,0,0,0,0,0,0,0,0,0,0,0,7,0,7,4,0,4
06/23/2026,1,1,2,1,1,2,0,0,0,0,0,0,0,0,0,0,0,0,1,1,2,1,1,2
06/24/2026,12,0,12,9,0,9,0,0,0,0,0,0,0,0,0,0,0,0,12,1,13,9,1,10
06/25/2026,12,2,14,6,2,8,0,0,0,0,0,0,0,0,0,0,0,0,12,2,14,6,2,8
06/26/2026,1,0,1,1,0,1,0,0,0,0,0,0,0,0,0,0,0,0,1,0,1,1,0,1
06/27/2026,2,0,2,2,0,2,0,0,0,0,0,0,0,0,0,0,0,0,2,0,2,2,0,2
06/28/2026,3,0,3,1,0,1,0,0,0,0,0,0,0,0,0,0,0,0,3,0,3,1,0,1
06/29/2026,10,0,10,5,0,5,0,0,0,0,0,0,0,0,0,0,0,0,10,0,10,5,0,5
06/30/2026,10,0,10,3,0,3,0,0,0,0,0,0,0,0,0,0,0,0,10,0,10,3,0,3
07/01/2026,7,0,7,4,0,4,0,0,0,0,0,0,0,0,0,0,0,0,7,1,8,4,1,5
07/02/2026,4,0,4,4,0,4,0,0,0,0,0,0,0,0,0,0,0,0,4,0,4,4,0,4
07/03/2026,0,0,0,0,0,0,0,0,0,0,0,0,0,0,0,0,0,0,0,1,1,0,1,1
07/04/2026,1,0,1,1,0,1,0,0,0,0,0,0,0,0,0,0,0,0,1,0,1,1,0,1
07/05/2026,0,0,0,0,0,0,0,0,0,0,0,0,0,0,0,0,0,0,0,0,0,0,0,0
07/06/2026,0,0,0,0,0,0,0,0,0,0,0,0,0,0,0,0,0,0,0,0,0,0,0,0
07/07/2026,7,0,7,2,0,2,0,0,0,0,0,0,0,0,0,0,0,0,7,1,8,2,1,3
07/08/2026,6,0,6,3,0,3,0,0,0,0,0,0,0,0,0,0,0,0,8,0,8,4,0,4
07/09/2026,6,0,6,3,0,3,0,0,0,0,0,0,0,0,0,0,0,0,6,0,6,3,0,3
07/10/2026,47,0,47,4,0,4,0,0,0,0,0,0,0,0,0,0,0,0,47,0,47,4,0,4
07/11/2026,0,0,0,0,0,0,0,0,0,0,0,0,0,0,0,0,0,0,0,0,0,0,0,0
07/12/2026,0,0,0,0,0,0,0,0,0,0,0,0,0,0,0,0,0,0,0,0,0,0,0,0
07/13/2026,6,0,6,3,0,3,0,0,0,0,0,0,0,0,0,0,0,0,7,0,7,3,0,3
07/14/2026,9,2,11,5,2,7,0,0,0,0,0,0,0,0,0,0,0,0,9,2,11,5,2,7
07/15/2026,3,0,3,3,0,3,0,0,0,0,0,0,0,0,0,0,0,0,5,0,5,4,0,4
07/16/2026,1,2,3,1,1,2,0,0,0,0,0,0,0,0,0,0,0,0,2,2,4,2,1,3
07/17/2026,20,1,21,9,1,10,0,0,0,0,0,0,0,0,0,0,0,0,22,1,23,10,1,11
07/18/2026,0,0,0,0,0,0,0,0,0,0,0,0,0,0,0,0,0,0,0,0,0,0,0,0
07/19/2026,0,1,1,0,1,1,0,0,0,0,0,0,0,0,0,0,0,0,0,3,3,0,1,1
07/20/2026,6,1,7,5,1,6,0,0,0,0,0,0,0,0,0,0,0,0,6,4,10,5,3,8
07/21/2026,10,2,12,8,1,9,0,0,0,0,0,0,0,0,0,0,0,0,10,3,13,8,2,10
07/22/2026,10,1,11,5,1,6,0,0,0,0,0,0,0,0,0,0,0,0,10,2,12,5,1,6
07/23/2026,9,0,9,4,0,4,0,0,0,0,0,0,0,0,0,0,0,0,9,2,11,4,2,6
07/24/2026,1,0,1,1,0,1,0,0,0,0,0,0,0,0,0,0,0,0,1,0,1,1,0,1
07/25/2026,0,1,1,0,1,1,0,0,0,0,0,0,0,0,0,0,0,0,0,1,1,0,1,1
07/26/2026,0,0,0,0,0,0,0,0,0,0,0,0,0,0,0,0,0,0,0,0,0,0,0,0
07/27/2026,4,0,4,3,0,3,0,0,0,0,0,0,0,0,0,0,0,0,5,0,5,3,0,3
07/28/2026,28,0,28,7,0,7,0,0,0,0,0,0,0,0,0,0,0,0,29,0,29,7,0,7
07/29/2026,5,2,7,4,1,5,0,0,0,0,0,0,0,0,0,0,0,0,6,4,10,4,1,5
07/30/2026,4,0,4,3,0,3,0,0,0,0,0,0,0,0,0,0,0,0,4,1,5,3,1,4
07/31/2026,7,1,8,5,1,6,0,0,0,0,0,0,0,0,0,0,0,0,11,1,12,6,1,7
08/01/2026,0,0,0,0,0,0,0,0,0,0,0,0,0,0,0,0,0,0,0,0,0,0,0,0
08/02/2026,1,0,1,1,0,1,0,0,0,0,0,0,0,0,0,0,0,0,1,0,1,1,0,1
08/03/2026,10,0,10,6,0,6,0,0,0,0,0,0,0,0,0,0,0,0,11,1,12,6,1,7
08/04/2026,10,1,11,3,1,4,0,0,0,0,0,0,0,0,0,0,0,0,12,3,15,3,1,4
08/05/2026,11,3,14,5,2,7,0,0,0,0,0,0,0,0,0,0,0,0,11,4,15,5,2,7
08/06/2026,3,0,3,3,0,3,0,0,0,0,0,0,0,0,0,0,0,0,3,0,3,3,0,3
08/07/2026,4,0,4,2,0,2,0,0,0,0,0,0,0,0,0,0,0,0,4,0,4,2,0,2
08/08/2026,0,1,1,0,1,1,0,0,0,0,0,0,0,0,0,0,0,0,0,2,2,0,1,1
08/09/2026,0,0,0,0,0,0,0,0,0,0,0,0,0,0,0,0,0,0,0,0,0,0,0,0
08/10/2026,8,0,8,2,0,2,0,0,0,0,0,0,0,0,0,0,0,0,8,0,8,2,0,2
08/11/2026,3,2,5,2,1,3,0,0,0,0,0,0,0,0,0,0,0,0,3,2,5,2,1,3
08/12/2026,5,0,5,2,0,2,0,0,0,0,0,0,0,0,0,0,0,0,5,2,7,2,2,4
08/13/2026,6,1,7,5,1,6,0,0,0,0,0,0,0,0,0,0,0,0,6,2,8,5,1,6
08/14/2026,2,1,3,2,1,3,0,0,0,0,0,0,0,0,0,0,0,0,2,3,5,2,2,4
08/15/2026,0,1,1,0,1,1,0,0,0,0,0,0,0,0,0,0,0,0,0,1,1,0,1,1
08/16/2026,0,0,0,0,0,0,0,0,0,0,0,0,0,0,0,0,0,0,0,0,0,0,0,0
08/17/2026,20,2,22,7,2,9,0,0,0,0,0,0,0,0,0,0,0,0,20,3,23,7,2,9
08/18/2026,12,6,18,6,3,9,0,0,0,0,0,0,0,0,0,0,0,0,13,9,22,6,3,9
08/19/2026,15,0,15,6,0,6,0,0,0,0,0,0,0,0,0,0,0,0,16,0,16,6,0,6
08/20/2026,28,0,28,11,0,11,0,0,0,0,0,0,0,0,0,0,0,0,31,0,31,11,0,11
08/21/2026,6,0,6,3,0,3,0,0,0,0,0,0,0,0,0,0,0,0,7,1,8,3,1,4
08/22/2026,1,0,1,1,0,1,0,0,0,0,0,0,0,0,0,0,0,0,1,0,1,1,0,1
08/23/2026,1,0,1,1,0,1,0,0,0,0,0,0,0,0,0,0,0,0,1,0,1,1,0,1
