Job function,Total views
Quality Assurance,17
Real Estate,3
Research,178
Sales,404
Customer Success and Support,38
Finance,18
Healthcare Services,5
Human Resources,23
Information Technology,93
Legal,9
Marketing,746
Media and Communication,441
Military and Protective Services,2
Operations,261
Product Management,18
Accounting,16
Administrative,30
Arts and Design,210
Business Development,548
Community and Social Services,68
Consulting,81
Education,164
Engineering,317
Entrepreneurship,17
Program and Project Management,101
Purchasing,2
