Location,Total views
Washington DC-Baltimore Area,81
Atlanta Metropolitan Area,41
"Columbia, South Carolina Metropolitan Area",19
Kansas City Metropolitan Area,48
Miami-Fort Lauderdale Area,14
Waterloo-Cedar Falls Area,22
Greater Chicago Area,226
"Greater Jackson, MI Area",19
"Albany, New York Metropolitan Area",12
Greater Tucson Area,24
"Greater Delhi Area, India",31
Stillwater,7
Nashville Metropolitan Area,32
"Faisalabad, Pakistan",11
Greater Seattle Area,31
Greater Sacramento,84
"Greater Munich Metropolitan Area, Germany",17
San Francisco Bay Area,92
Beaumont-Port Arthur Area,7
Greater Houston,25
Dayton Metropolitan Area,10
"Rochester, New York Metropolitan Area",15
Appleton-Oshkosh-Neenah Area,18
"Toledo, Ohio Metropolitan Area",13
College Station-Bryan Area,16
Los Angeles Metropolitan Area,73
Greater Lansing,15
Greater Hartford,38
Buffalo-Niagara Falls Area,13
Greater Boston,112
Salt Lake City Metropolitan Area,20
"Greater Hyderabad Area, India",12
"London Area, United Kingdom, United Kingdom",23
New York City Metropolitan Area,107
"Lafayette, Indiana Metropolitan Area",13
"Udaipur, India",16
"Greater Chennai Area, India",30
"Hefei, China",10
Dallas-Fort Worth Metroplex,44
Charlotte Metro,79
Greater Philadelphia,234
"Greater Melbourne Area, Australia",10
Greater Madison Area,32
San Diego Metropolitan Area,17
"Portland, Oregon Metropolitan Area",31
Detroit Metropolitan Area,744
Denver Metropolitan Area,30
Greater Savannah Area,8
Greensboro--Winston-Salem--High Point Area,10
Greater Minneapolis-St. Paul Area,38
Erie-Meadville Area,19
"Greenville-Spartanburg-Anderson, South Carolina Area",46
Metro Jacksonville,13
Boise Metropolitan Area,12
Greater Pittsburgh Region,60
Greater St. Louis,22
"Wichita, Kansas Metropolitan Area",14
"Greater Cheshire West and Chester Area, United Kingdom",16
"Greater Bengaluru Area, India",63
"Karaj, Iran",11
"Austin, Texas Metropolitan Area",71
"Stuttgart Region, Germany",8
Greater Milwaukee,27
"Columbus, Ohio Metropolitan Area",43
Cincinnati Metropolitan Area,23
Knoxville Metropolitan Area,36
Raleigh-Durham-Chapel Hill Area,19
Greater Phoenix Area,77
Greater Cleveland,31
"Shenzhen, China",11
Greater Indianapolis,17
"Mumbai Metropolitan Region, India",24
"Greater Toronto Area, Canada, Canada",26
