Industry,Total views
Real Estate,16
Construction,15
Engineering Services,49
Renewable Energy Power Generation,14
Events Services,38
Professional Services,11
"Appliances, Electrical, and Electronics Manufacturing",36
Vehicle Repair and Maintenance,7
Online Audio and Video Media,86
Nanotechnology Research,31
"Transportation, Logistics, Supply Chain and Storage",30
Plastics Manufacturing,9
Consumer Services,11
Airlines and Aviation,8
Civil Engineering,7
Aviation and Aerospace Component Manufacturing,76
IT Services and IT Consulting,121
Motor Vehicle Manufacturing,32
Legal Services,9
Chemical Manufacturing,10
Public Relations and Communications Services,369
Design Services,14
Machinery Manufacturing,76
Business Consulting and Services,118
Biotechnology Research,16
Oil and Gas,26
Hospitals and Health Care,15
Medical Equipment Manufacturing,13
Industry Associations,21
"Technology, Information and Media",132
Data Security Software Products,18
Defense and Space Manufacturing,27
Wellness and Fitness Services,7
Computer Hardware Manufacturing,9
Fabricated Metal Products,8
Robotics Engineering,21
Software Development,120
Marketing Services,147
Media Production,116
"Technology, Information and Internet",79
Semiconductor Manufacturing,77
Telecommunications,7
Metalworking Machinery Manufacturing,30
Food and Beverage Manufacturing,9
Computers and Electronics Manufacturing,9
Higher Education,147
Education Administration Programs,23
Manufacturing,350
Retail,10
Mobile Computing Software Products,9
E-Learning Providers,16
Commercial and Industrial Equipment Rental,7
Industrial Machinery Manufacturing,254
Energy Technology,9
Research Services,66
Government Administration,10
Hospitality,17
Education,16
Broadcast Media Production and Distribution,11
Graphic Design,44
International Trade and Development,7
Non-profit Organizations,76
Data Infrastructure and Analytics,8
Writing and Editing,94
Automation Machinery Manufacturing,131
Staffing and Recruiting,37
Professional Training and Coaching,17
Advertising Services,327
"Agriculture, Construction, Mining Machinery Manufacturing",16
Book and Periodical Publishing,80
Information Services,7
Insurance,8
Financial Services,25
